SubjID,Sess,Cond_code,Seq,FB,All_Items,Correct,Incorr,Remain,ElapTime,tCommonRatio1a.1,tCommonRatio1b.1,tCommonRatio3a.1,tCommonRatio3b.1,tCommonRatio2a.1,tCommonRatio2b.1,tExamplesGeometric1a.1,tExamplesGeometric1b.1,tExamplesGeometric3a.1,tExamplesGeometric3b.1,tExamplesGeometric2a.1,tExamplesGeometric2b.1,tExplicitGeometric1a.1,tExplicitGeometric1b.1,tExplicitGeometric3a.1,tExplicitGeometric3b.1,tExplicitGeometric2a.1,tExplicitGeometric2b.1,tExtendGeometric1a.1,tExtendGeometric1c.1,tExtendGeometric3a.1,tExtendGeometric3b.1,tExtendGeometric2a.1,tExtendGeometric2c.1,tModelExtendTableGeometric1a.1,tModelExtendTableGeometric1b.1,tModelExtendTableGeometric3a.1,tModelExtendTableGeometric3b.1,tModelExtendTableGeometric2a.1,tModelExtendTableGeometric2b.1,tRecursiveRuleGeometric1a.1,tRecursiveRuleGeometric1b.1,tRecursiveRuleGeometric3a.1,tRecursiveRuleGeometric3b.1,tRecursiveRuleGeometric2a.1,tRecursiveRuleGeometric2b.1,tSolveGeometricProblems1a.1,tSolveGeometricProblems1b.1,tSolveGeometricProblems3a.1,tSolveGeometricProblems3b.1,tSolveGeometricProblems2a.1,tSolveGeometricProblems2b.1,tTableExtendGeometric1a.1,tTableExtendGeometric1b.1,tTableExtendGeometric3a.1,tTableExtendGeometric3b.1,tTableExtendGeometric2a.1,tTableExtendGeometric2b.1,tVerbalRuleExplicitModelGeometric3a.1,tVerbalRuleExplicitModelGeometric2a.1,tVerbalRuleExtendModelGeometric1a.1,tVerbalRuleExtendModelGeometric1b.1,tVerbalRuleExtendModelGeometric2a.1,tVerbalRuleModelGeometric3a.1,tVisualExplicitVerbalRuleModelGeometric3a.1,tVisualExplicitVerbalRuleModelGeometric3b.1,tVisualExtendGeometric1a.1,tVisualExtendGeometric1b.1,tVisualExtendGeometric1c.1,tVisualExtendGeometric3a.1,tVisualExtendGeometric2a.1,tVisualExtendTableModelVerbalRuleGeometric2a.1,tVisualExtendVerbalRuleModelGeometric2a.1
S052,s01-17,1,2,2,63,20,14,29,0.00000036169,NA,NA,NA,NA,NA,NA,NA,NA,2,2,2,2,NA,NA,NA,NA,NA,NA,NA,NA,NA,NA,NA,NA,2,2,1,1,2,2,NA,NA,NA,NA,NA,NA,2,2,2,1,2,2,NA,NA,1,2,2,2,1,1,2,2,2,1,2,1,1,1,NA,1,1,1,1
S053,s01-03,2,2,1,63,12,51,0,0.02482638889,1,1,1,1,1,1,1,1,1,1,1,1,1,1,1,1,1,1,1,1,1,1,1,1,1,2,1,1,2,2,1,1,1,2,1,1,2,1,1,1,1,1,1,1,1,2,1,1,1,2,2,1,2,1,1,2,1,1,1,1,1,2,2
S054,s01-08,3,1,1,63,34,29,0,0.02466435185,1,1,1,1,1,2,2,2,2,2,2,2,1,1,1,1,2,1,2,2,2,2,1,2,2,2,2,1,2,2,1,1,1,1,1,1,2,2,2,1,2,1,2,2,2,2,2,2,2,2,1,1,2,1,1,2,1,1,1,1,1,2,2
S055,s01-01,1,2,2,63,8,55,0,0.03074074074,1,2,1,1,1,1,1,1,1,1,1,1,1,1,1,1,1,1,1,2,1,1,1,1,1,1,1,1,1,1,2,1,1,1,1,1,1,1,1,2,1,1,1,1,1,1,1,2,1,2,2,1,2,1,1,1,1,1,1,1,1,1,1
S056,s01-12,2,2,1,63,20,43,0,0.02325231481,2,2,1,1,1,1,1,1,1,1,1,1,1,2,1,2,1,1,2,2,2,1,2,1,1,1,2,2,2,1,1,2,2,1,1,1,1,1,1,1,2,2,1,1,2,2,2,1,1,1,1,2,2,1,1,1,1,1,1,1,1,1,1
S057,s01-09,3,1,1,63,25,28,10,0.00000036169,1,2,1,1,1,1,1,2,1,1,1,1,1,1,1,1,1,1,1,2,2,2,2,2,2,2,1,2,2,2,1,1,2,2,1,2,1,2,2,1,2,2,2,1,1,2,1,2,2,2,1,2,1,NA,NA,NA,NA,NA,NA,NA,NA,NA,NA
S058,s01-02,1,2,2,63,33,30,0,0.03111111111,2,2,1,1,2,2,1,1,1,1,1,1,2,2,1,2,1,1,2,2,1,2,1,2,2,2,2,1,2,2,2,2,2,2,2,2,1,1,1,1,2,2,1,1,1,2,1,1,2,1,1,2,2,1,1,1,2,2,2,1,2,1,2
S059,s01-13,2,2,1,63,20,37,6,0.00000036169,1,1,1,1,1,1,1,NA,1,1,1,1,1,2,NA,NA,2,2,1,1,2,1,1,1,2,2,1,2,1,2,NA,NA,2,NA,2,2,2,1,1,1,2,2,1,1,1,1,1,1,2,2,2,2,2,1,1,1,1,1,1,1,1,1,2
S060,s01-10,3,1,1,63,28,35,0,0.02981481481,2,2,1,1,2,2,1,1,1,1,1,1,2,1,1,1,1,1,2,2,2,2,2,2,1,1,1,2,2,2,2,2,2,1,1,1,2,2,2,1,2,2,2,2,1,2,2,2,1,1,2,1,1,1,1,1,1,1,1,1,1,1,1
S061,s01-04,1,2,2,63,21,42,0,0.02189814815,1,1,1,1,1,1,1,1,1,1,1,1,1,1,1,1,2,2,2,1,1,1,2,1,2,2,1,1,1,2,2,2,1,1,2,1,2,1,2,1,2,2,1,1,1,2,1,1,1,1,2,2,1,1,2,1,1,1,2,2,1,1,2
S062,s01-07,2,2,1,63,12,49,0,0.01207175926,1,1,1,1,1,1,1,1,1,1,1,1,NA,NA,1,1,1,1,2,2,1,2,2,1,2,1,2,1,2,1,1,2,1,1,1,1,2,1,1,1,2,2,1,1,1,1,1,1,1,2,1,1,1,1,1,1,1,1,1,1,1,1,1
S063,s01-05,1,2,2,63,21,42,0,0.02629629630,2,2,1,1,1,2,1,1,1,1,1,1,2,1,1,1,1,1,2,2,2,2,1,1,2,1,2,1,1,1,1,2,1,1,1,2,2,2,2,2,2,2,2,1,1,1,1,1,1,1,2,2,1,1,1,1,1,1,1,1,1,1,1
S064,s01-14,2,2,1,63,36,27,0,0.02681712963,2,2,1,1,2,2,1,1,1,1,1,1,2,2,1,1,1,2,2,2,2,2,1,1,2,2,1,1,2,2,1,1,1,1,1,2,2,2,2,2,2,2,1,1,2,2,1,2,2,2,2,1,2,1,2,2,2,2,2,1,1,2,2
S065,s01-15,3,1,1,63,30,33,0,0.02281250000,1,2,2,1,2,2,1,1,2,2,1,2,2,2,1,1,1,1,2,2,2,2,1,2,2,2,2,1,1,1,1,1,2,2,2,1,1,2,1,1,1,2,1,2,2,2,2,2,1,2,1,1,2,1,1,1,1,1,1,1,2,1,1
S066,s01-06,1,2,2,63,19,44,0,0.01184027778,2,1,1,1,1,2,1,1,1,1,1,1,1,1,1,1,1,1,2,2,2,1,1,2,1,2,2,1,1,2,1,1,1,1,1,2,2,1,1,1,2,2,2,1,1,2,2,2,1,1,1,1,2,1,1,2,1,1,1,1,1,1,1
S067,s01-11,2,2,1,63,6,54,0,0.00000008038,1,1,1,1,1,1,1,1,1,1,1,1,NA,NA,1,NA,1,1,2,2,1,1,1,1,2,2,1,1,1,1,1,2,1,1,1,1,1,1,1,1,1,1,1,1,1,1,1,1,1,2,1,1,1,1,1,1,1,1,1,1,1,1,1
S068,s01-16,3,1,1,63,16,47,0,0.01488425926,1,1,1,1,1,1,1,1,1,1,1,1,1,1,1,1,1,1,1,1,1,1,1,2,1,1,1,1,2,2,2,1,1,1,1,2,2,2,1,2,1,1,2,2,2,2,1,1,2,1,1,1,1,1,2,2,1,2,1,1,1,1,1
S074,s02-03,1,2,2,63,20,43,0,0.02182870370,1,1,1,1,1,1,1,1,1,1,1,1,1,1,2,1,1,1,2,2,2,2,1,1,2,1,1,1,2,2,2,1,1,1,1,1,1,2,1,1,1,1,2,2,1,2,2,2,2,2,2,1,2,1,1,1,1,1,1,1,1,1,2
S075,s02-02,2,2,1,63,35,27,1,0.00000024113,2,2,1,NA,1,2,2,2,1,2,1,2,1,1,2,1,2,2,2,1,2,1,2,2,2,1,2,2,2,2,1,2,1,1,1,2,2,2,1,1,2,2,1,1,1,2,2,1,2,2,2,1,1,1,2,2,2,2,1,1,1,1,2
S076,s02-14,3,1,1,63,33,30,0,0.02900462963,1,2,1,1,1,2,2,2,2,2,1,2,1,1,1,1,1,1,2,2,2,1,1,2,2,2,2,1,2,2,2,2,2,2,1,2,2,2,1,1,1,2,2,1,1,1,2,2,2,2,2,1,2,1,1,1,1,2,1,1,1,1,2
S077,s02-16,1,2,2,63,21,42,0,0.02065972222,1,2,1,1,2,2,2,2,1,1,1,1,1,1,2,1,1,1,2,2,2,1,1,2,2,1,1,1,2,2,1,1,1,1,1,1,2,2,1,2,2,1,1,1,1,2,1,1,1,1,2,2,1,1,1,1,1,2,1,1,1,1,1
S078,s02-10,2,2,1,63,20,43,0,0.01915509259,2,2,1,1,1,1,1,1,1,1,1,1,1,1,2,1,1,1,2,2,2,1,2,1,2,1,1,2,1,2,2,2,1,1,1,2,2,2,1,1,2,1,1,1,1,2,1,1,1,1,2,1,1,1,1,1,2,2,1,1,1,1,1
S079,s02-19,3,1,1,63,27,36,0,0.02409722222,1,1,1,1,1,1,2,2,2,2,2,2,1,1,1,2,1,1,2,2,1,2,2,1,2,2,1,1,2,2,1,1,2,2,2,1,2,2,1,1,2,2,1,1,2,1,1,1,1,2,2,2,1,1,1,1,1,1,2,1,1,1,1
S080,s02-09,1,2,2,63,9,54,0,0.00974537037,1,1,1,1,1,1,1,1,1,1,1,1,1,1,1,1,1,1,2,2,1,1,1,1,2,1,2,1,2,1,1,2,1,1,2,1,1,1,1,1,1,1,1,1,1,1,1,2,1,1,1,2,1,1,1,1,1,1,1,1,1,1,1
S081,s02-15,2,2,1,63,21,42,0,0.02702546296,1,1,1,1,1,1,1,1,1,1,1,1,1,2,1,1,1,2,2,2,2,2,2,1,2,1,1,1,2,2,1,2,1,1,1,2,2,2,1,1,1,2,1,1,1,2,1,1,1,2,1,2,2,1,1,1,1,1,1,1,1,2,2
S082,s02-05,3,1,1,63,18,45,0,0.00815972222,2,2,1,1,2,2,1,1,1,1,1,1,1,1,1,1,2,2,2,2,1,1,1,1,2,2,1,2,1,1,1,1,1,1,1,1,1,1,1,1,2,2,2,2,1,2,1,1,1,1,1,1,2,1,2,1,1,1,1,1,1,1,1
S083,s02-06,1,2,2,63,13,50,0,0.01310185185,1,1,1,1,1,1,1,1,1,1,1,1,1,2,1,1,1,2,1,2,1,1,1,1,1,2,2,1,2,1,1,1,1,1,2,2,2,1,1,1,2,2,1,1,1,1,1,1,1,2,1,1,1,1,2,1,1,1,1,1,1,1,1
S084,s02-13,2,2,1,63,26,37,0,0.02508101852,2,2,1,1,1,2,1,1,1,1,1,1,1,2,2,1,2,1,1,2,2,2,2,2,2,2,1,1,2,2,2,1,1,1,1,2,1,1,1,1,1,1,2,1,2,1,1,1,2,2,1,1,2,1,1,1,2,2,2,1,2,1,1
S085,s02-12,3,1,1,63,25,38,0,0.02625000000,2,2,1,1,2,1,1,1,1,1,1,1,1,2,1,2,1,1,2,2,2,1,2,1,2,1,1,2,2,2,1,1,1,1,1,1,2,2,1,1,1,1,2,2,2,2,1,1,1,2,1,1,2,1,2,2,2,2,1,1,1,1,1
S086,s02-07,1,2,2,63,36,27,0,0.02148148148,2,2,1,1,2,2,2,2,2,2,2,2,1,1,1,2,1,2,2,2,2,2,2,2,2,2,1,1,2,2,1,2,1,1,1,1,2,2,2,1,2,2,2,1,1,2,1,2,1,2,2,2,2,2,1,1,1,1,1,1,1,1,1
S087,s02-08,2,2,1,63,22,41,0,0.01297453704,2,2,1,1,2,2,1,1,1,1,1,1,1,1,1,2,1,2,2,1,2,2,2,1,1,1,1,2,2,1,2,1,2,1,1,1,1,2,1,1,2,2,1,1,1,1,1,2,2,1,2,1,2,1,1,1,1,1,1,1,1,1,2
S088,s02-04,3,1,1,63,20,43,0,0.02427083333,1,2,1,1,2,2,1,1,1,1,1,1,1,1,1,1,1,1,2,2,1,1,1,2,2,1,1,2,1,2,1,2,1,2,1,2,1,1,1,1,2,1,2,2,1,2,2,1,1,2,2,2,1,1,1,1,1,1,1,1,1,1,1
S089,s02-17,1,2,2,63,14,35,14,0.00000036169,1,1,1,1,1,1,NA,NA,1,1,1,1,NA,NA,NA,NA,NA,1,1,2,2,2,1,1,2,1,1,1,2,1,NA,NA,NA,NA,NA,NA,1,2,1,2,2,1,1,1,1,2,2,1,1,2,1,2,1,1,1,NA,1,1,1,1,1,2,2
S090,s02-18,2,2,1,63,13,50,0,0.01081018519,1,1,1,1,1,1,1,1,1,1,1,1,1,2,1,1,1,1,1,2,1,1,1,1,1,1,1,2,2,2,1,2,2,1,1,1,2,1,1,1,1,1,2,1,2,2,1,1,1,2,1,2,1,1,1,1,1,1,1,1,1,1,1
S091,s02-01,3,1,1,63,21,42,0,0.02834490741,1,1,1,1,1,1,1,1,1,1,1,1,2,2,1,2,1,1,2,2,1,1,1,2,2,1,1,1,2,2,1,1,2,2,2,1,1,1,1,1,1,1,2,2,1,2,1,2,2,2,1,2,2,1,1,1,1,1,1,1,1,1,2
S097,s03-18,1,2,2,63,30,33,0,0.02619212963,2,2,1,1,1,2,1,1,1,1,1,1,1,2,1,2,1,2,2,1,2,1,2,2,2,2,2,2,2,2,1,1,1,2,1,1,2,2,2,1,2,2,1,1,2,2,1,1,1,2,2,1,2,1,2,1,1,1,2,1,1,1,2
S098,s03-07,2,2,1,63,18,45,0,0.02275462963,1,1,1,1,2,2,1,1,1,1,1,1,1,2,2,2,1,1,1,2,1,2,2,1,2,1,1,2,1,1,1,2,1,2,2,1,2,1,1,1,1,1,1,1,1,1,1,1,1,1,1,1,1,1,2,1,2,1,2,1,1,1,2
S099,s03-03,3,1,1,63,20,43,0,0.00953703704,1,2,1,1,2,2,1,1,1,1,1,1,2,2,2,1,2,2,2,2,2,1,1,1,1,1,1,1,1,2,1,1,1,1,1,1,2,2,2,1,2,2,2,2,1,2,1,1,1,1,1,1,1,1,1,1,1,1,1,1,1,1,1
S100,s03-08,1,2,2,63,14,49,0,0.00868055556,1,1,1,1,2,1,1,1,1,1,1,1,1,1,2,1,1,1,2,2,1,1,2,1,1,1,1,1,2,2,1,1,1,2,1,1,1,2,1,1,1,2,1,1,2,2,1,2,2,1,1,1,1,1,1,1,1,1,1,1,1,1,1
S101,s03-02,2,2,1,63,14,49,0,0.01166666667,1,1,1,1,1,1,1,1,1,1,1,1,2,1,1,1,1,1,2,2,2,2,1,1,2,1,1,1,2,1,1,1,1,1,1,2,2,1,1,1,1,2,1,2,1,2,1,1,1,2,1,1,2,1,1,1,1,1,1,1,1,1,1
S102,s03-06,3,1,1,63,33,30,0,0.01929398148,2,2,2,2,2,2,1,1,2,2,1,2,1,1,1,1,1,2,2,2,1,1,2,2,2,2,1,2,2,2,1,2,2,2,1,1,2,2,2,1,1,2,2,2,2,2,2,2,1,1,2,1,1,1,1,1,1,1,1,1,1,1,1
S103,s03-10,1,2,2,63,32,18,13,0.00000036169,NA,NA,NA,NA,NA,NA,2,2,2,2,2,2,2,1,2,2,2,2,NA,NA,NA,NA,NA,NA,2,1,1,2,2,2,1,2,2,1,2,1,2,2,2,2,1,2,1,NA,2,2,2,2,1,2,1,1,2,1,2,2,1,1,1,1,1,1,2
S104,s03-16,2,2,1,63,9,54,0,0.02109953704,1,1,1,1,1,1,1,1,1,1,1,1,1,1,1,2,1,1,1,1,2,1,1,1,2,1,1,1,2,1,2,1,1,1,1,1,1,1,1,1,1,1,1,1,2,2,1,1,1,2,1,2,1,1,1,1,1,1,1,1,1,1,1
S105,s03-15,3,1,1,63,23,40,0,0.02027777778,2,2,1,1,1,2,1,1,1,1,1,1,2,2,2,2,1,2,2,2,2,2,2,1,2,1,1,1,2,1,1,1,1,1,1,1,2,2,2,2,1,1,2,2,1,1,1,1,1,1,1,2,2,1,1,1,1,1,1,1,1,1,1
S106,s03-09,1,2,2,63,33,22,8,0.00000036169,NA,NA,NA,NA,2,2,1,1,1,1,1,1,2,2,1,1,1,2,NA,NA,NA,NA,1,2,2,2,2,2,2,2,2,2,2,2,2,2,2,2,1,1,2,2,2,2,1,2,2,2,1,2,1,1,2,1,2,1,2,2,1,1,1,1,2
S107,s03-12,2,2,1,63,11,46,1,0.00567129630,2,2,1,1,1,1,1,1,1,1,1,1,NA,NA,NA,NA,NA,NA,2,2,1,2,1,1,1,1,2,2,2,1,2,1,1,1,1,1,1,1,2,1,1,1,1,1,1,1,1,1,1,1,1,2,1,1,1,1,1,1,1,1,1,1,1
S108,s03-17,3,1,1,63,35,22,6,0.00000036169,2,2,1,2,2,2,2,1,2,2,2,2,1,1,1,1,1,1,2,2,2,2,2,1,2,2,1,1,2,2,1,2,2,1,1,2,2,2,1,1,2,2,2,2,1,2,2,2,1,2,1,1,2,1,2,2,1,NA,NA,NA,NA,NA,NA
S109,s03-13,1,2,2,63,37,26,0,0.02924768519,2,2,1,1,2,2,2,2,2,2,2,2,1,2,2,1,1,2,2,2,1,2,2,2,2,1,1,2,2,2,2,1,1,1,1,2,2,2,2,1,2,2,1,1,2,2,1,1,2,2,1,1,1,1,1,1,2,1,2,1,1,2,2
S110,s03-11,2,2,1,63,42,19,2,0.02840277778,2,NA,1,1,1,2,2,2,2,2,2,2,1,1,1,1,1,2,2,NA,2,2,2,2,2,2,1,2,2,2,2,2,2,2,2,2,2,2,2,1,1,2,2,1,2,2,1,2,1,2,2,1,2,1,1,1,2,2,2,1,2,2,2
S111,s03-04,3,1,1,63,22,41,0,0.00060185185,1,2,1,1,2,2,1,1,1,1,1,1,1,1,1,2,2,2,2,2,2,2,2,2,2,2,1,1,2,2,2,1,2,2,1,2,1,1,1,1,1,1,1,1,1,1,1,1,2,2,1,1,1,1,1,1,1,1,1,1,1,1,1
S112,s03-14,1,2,2,63,21,15,27,0.00000036169,NA,NA,NA,NA,NA,NA,NA,NA,2,2,2,2,NA,NA,NA,NA,NA,NA,NA,NA,NA,NA,NA,NA,2,2,1,1,2,2,NA,NA,NA,NA,NA,NA,2,2,1,2,2,2,1,2,2,2,1,2,1,2,2,1,2,1,2,1,1,1,NA,1,1,1,1
S113,s03-01,2,2,1,63,44,18,1,0.03024305556,2,2,1,1,2,2,2,2,2,2,2,2,1,2,1,1,1,1,2,NA,2,2,2,1,2,2,1,1,2,2,2,2,2,2,1,2,1,2,2,2,1,1,2,2,2,2,2,2,2,2,2,2,2,1,2,1,2,2,2,1,2,2,1
S114,s03-05,3,1,1,63,32,31,0,0.02680555556,2,2,1,1,1,2,1,1,1,1,1,1,1,1,1,1,1,1,2,2,2,2,2,1,2,2,2,2,2,2,2,2,2,2,1,2,2,2,2,2,2,1,2,2,1,2,2,2,1,2,2,1,1,1,2,1,1,1,1,1,1,1,1
S119,s04-17,1,2,2,63,28,35,0,0.01984953704,2,2,1,1,2,2,1,1,1,1,1,2,1,1,1,2,1,1,2,2,2,2,2,1,1,1,2,1,1,1,1,1,1,1,2,2,2,2,1,1,2,2,1,1,1,2,1,1,1,1,2,2,2,2,2,1,1,2,2,1,2,1,2
S120,s04-03,2,2,1,63,35,28,0,0.03104166667,2,2,1,1,2,2,2,2,1,1,1,1,1,2,2,2,1,1,2,2,1,1,2,2,2,2,2,2,2,2,1,1,2,2,1,1,2,2,1,1,2,2,2,2,1,2,1,2,1,2,1,2,2,1,2,1,1,1,1,1,2,1,2
S121,s04-12,3,1,1,63,40,23,0,0.02342592593,2,2,1,1,2,2,1,2,2,1,2,2,1,2,2,2,1,1,2,2,2,2,2,2,2,2,2,2,2,2,1,2,2,2,1,2,1,2,2,2,2,2,2,2,1,2,1,2,1,2,2,2,1,1,1,1,1,1,1,1,1,1,2
S122,s04-05,1,2,2,63,34,29,0,0.02802083333,2,2,1,1,2,2,2,2,2,1,2,2,1,1,1,1,1,1,2,2,2,1,2,2,2,2,1,1,2,2,2,2,2,2,1,1,2,2,1,1,1,2,2,2,1,2,1,2,2,2,1,2,1,1,1,1,1,2,1,2,1,1,1
S123,s04-13,2,2,1,63,42,20,1,0.03083333333,2,2,1,1,2,2,2,2,2,1,2,2,1,2,2,1,1,1,2,NA,1,1,1,2,2,1,2,2,2,2,1,2,2,1,2,2,2,2,2,1,2,2,2,2,1,2,2,2,2,2,2,2,2,1,1,1,2,2,2,1,2,2,1
S124,s04-06,3,1,1,63,33,30,0,0.02880787037,2,2,2,2,2,2,1,1,1,1,1,2,1,2,1,1,1,2,2,2,2,2,1,2,2,1,1,1,2,2,1,1,2,2,1,1,1,1,2,2,2,2,2,2,1,2,1,1,1,2,2,2,2,2,1,1,1,1,2,1,2,1,1
S125,s04-10,1,2,2,63,18,45,0,0.01072916667,1,2,1,1,1,2,1,1,1,1,1,1,2,2,2,2,1,2,1,2,2,1,1,1,1,1,1,1,2,2,1,1,1,1,1,1,1,1,2,2,1,1,2,2,1,2,1,1,1,1,2,1,1,1,1,1,1,1,1,1,1,1,2
S126,s04-08,2,2,1,63,8,55,0,0.01664351852,1,1,1,1,1,1,1,1,1,1,1,1,1,1,1,1,1,1,2,2,2,1,1,1,1,1,1,1,1,2,1,1,1,1,1,1,1,1,2,1,2,1,1,1,2,2,1,1,1,1,1,1,1,1,1,1,1,1,1,1,1,1,1
S127,s04-07,3,1,1,63,34,29,0,0.02849537037,2,2,1,1,2,2,1,1,1,1,1,1,1,1,1,1,1,1,2,2,2,2,2,1,1,2,2,2,2,2,2,2,2,2,2,2,1,2,2,1,2,1,2,2,2,2,2,2,2,2,2,2,1,1,1,1,1,1,1,1,1,1,2
S128,s04-02,1,2,2,63,27,36,0,0.02828703704,2,2,1,1,2,2,2,2,1,2,2,2,1,2,1,1,1,1,2,2,1,1,1,2,2,1,1,1,2,2,1,1,1,2,1,1,2,1,1,1,2,2,2,2,1,1,2,2,1,1,2,1,1,1,1,2,1,1,1,1,1,1,2
S129,s04-01,2,2,1,63,47,15,1,0.02905092593,2,2,1,1,2,2,2,2,2,2,2,2,1,1,2,2,1,1,2,NA,2,2,2,2,2,2,1,2,2,2,2,2,2,2,1,1,2,2,2,2,2,2,2,2,1,1,2,2,1,2,2,2,2,1,2,1,2,2,2,2,2,1,2
S130,s04-14,3,1,1,63,30,33,0,0.02537037037,1,1,1,1,2,2,1,2,2,2,1,1,1,1,1,1,1,1,2,2,1,1,2,2,2,2,2,2,2,2,2,1,1,2,1,1,2,2,1,1,2,1,2,2,1,2,2,2,1,2,1,2,1,1,2,1,1,2,1,1,2,1,1
S131,s04-16,1,2,2,63,37,26,0,0.02811342593,2,2,1,2,2,1,2,2,2,2,1,2,1,1,1,1,1,1,2,2,2,1,2,1,2,2,1,2,2,2,2,2,2,1,1,2,2,2,2,1,2,2,2,1,1,2,1,1,2,2,1,1,2,1,2,1,1,2,2,1,2,1,2
S132,s04-11,2,2,1,63,24,39,0,0.02533564815,2,2,1,1,1,1,1,1,1,1,1,1,2,1,1,1,1,1,2,2,2,1,1,2,2,2,2,1,1,1,1,2,1,1,1,2,1,1,1,1,2,2,1,2,1,2,2,2,1,2,2,2,2,1,1,1,1,2,2,1,1,1,1
S133,s04-18,3,1,1,63,37,26,0,0.02951388889,2,2,1,1,2,2,1,1,2,2,1,2,1,2,2,2,2,2,2,2,1,2,2,2,2,2,2,2,2,2,2,1,2,1,1,2,1,2,1,1,1,1,1,2,2,2,2,2,2,2,1,1,1,1,1,1,2,2,1,1,1,1,2
S134,s04-09,1,2,2,63,29,34,0,0.02781250000,2,2,1,1,1,1,1,1,1,1,1,1,2,2,2,2,1,1,2,2,2,2,2,1,2,2,1,1,2,2,1,1,1,1,1,1,2,2,1,1,1,1,2,2,1,2,1,1,1,2,2,1,2,1,2,1,2,2,2,2,1,1,2
S135,s04-15,2,2,1,63,39,24,0,0.02355324074,2,2,1,1,2,2,2,1,2,2,2,1,1,1,1,1,1,1,2,2,2,2,2,1,2,2,1,2,2,2,2,2,2,2,2,2,2,2,2,1,2,2,1,1,1,1,1,2,2,2,1,2,2,2,1,1,2,2,2,1,1,1,2
S136,s04-04,3,1,1,63,43,18,2,0.00000036169,2,2,1,2,2,2,2,2,2,2,2,2,2,2,1,2,1,1,2,2,2,2,2,2,2,2,1,1,2,2,1,1,2,2,1,2,2,2,2,1,2,2,2,2,2,2,2,2,1,2,2,2,2,1,1,1,1,2,1,1,1,NA,NA
S140,s05-11,1,2,2,63,15,17,31,0.00000036169,NA,NA,2,NA,1,2,NA,NA,NA,NA,1,NA,NA,NA,NA,NA,NA,NA,1,NA,NA,NA,NA,NA,2,1,2,2,2,2,NA,NA,NA,NA,NA,NA,1,1,1,1,2,2,NA,NA,1,2,1,1,2,2,1,2,2,1,NA,NA,1,NA,NA,1,1,1,2
S141,s05-07,2,2,1,63,41,21,1,0.02711805556,2,2,1,1,1,2,2,2,2,2,1,1,1,2,1,1,1,1,2,NA,1,2,2,2,2,1,2,1,2,2,2,2,2,2,2,2,2,2,2,2,2,2,2,2,1,2,1,2,2,2,1,1,2,1,2,1,2,2,2,1,2,1,2
S142,s05-06,3,1,1,63,25,38,0,0.02872685185,2,2,1,1,1,2,2,1,2,1,1,2,1,1,1,2,1,1,2,2,1,2,1,2,2,2,1,1,1,2,1,1,2,2,1,2,1,2,2,2,1,1,2,1,1,2,1,2,1,2,1,1,2,1,1,1,1,1,1,1,1,1,1
S143,s05-03,1,2,2,63,34,27,2,0.00000036169,2,2,1,1,2,2,2,2,2,2,1,2,NA,NA,1,1,1,1,2,2,2,2,2,2,2,2,1,1,2,2,1,1,1,1,1,1,2,2,2,2,2,2,2,2,1,1,1,1,1,2,1,1,2,1,2,1,2,2,2,1,1,1,2
S144,s05-10,2,2,1,63,41,7,15,0.00000036169,NA,NA,NA,NA,2,2,2,1,2,2,2,2,NA,NA,2,NA,NA,NA,NA,NA,NA,NA,NA,NA,2,2,2,2,2,2,2,2,2,2,2,2,2,2,1,2,2,2,2,2,2,2,2,2,2,2,2,1,2,1,2,2,2,2,1,1,1,2,2
S145,s05-08,3,1,1,63,19,44,0,0.02452546296,2,2,1,1,1,2,1,1,2,1,1,1,2,1,1,1,1,1,1,2,1,2,2,2,1,1,1,1,1,1,2,2,1,1,1,2,2,1,2,1,2,2,2,1,1,1,1,1,2,2,1,1,1,1,1,1,1,1,1,1,1,1,1
S146,s05-05,1,2,2,63,20,23,20,0.00000036169,2,2,1,1,1,1,2,2,2,2,1,1,NA,NA,NA,NA,NA,NA,NA,NA,NA,NA,NA,NA,2,2,2,2,2,2,NA,NA,NA,NA,NA,NA,1,1,1,2,2,2,1,1,2,2,1,1,1,1,2,2,2,1,1,1,NA,NA,1,1,1,1,1
S147,s05-13,2,2,1,63,38,24,1,0.02862268519,1,1,1,1,1,2,2,2,2,2,1,2,1,1,1,1,1,1,2,NA,2,2,2,1,2,1,2,2,2,2,2,2,2,2,1,2,2,2,1,2,2,2,2,2,2,2,1,2,1,2,2,1,2,1,2,2,1,2,2,1,1,1,2
S148,s05-09,3,1,1,63,40,23,0,0.02197916667,2,2,1,2,2,2,2,2,2,1,1,2,2,2,1,2,2,2,2,2,2,2,2,1,1,2,2,1,2,2,1,1,2,1,1,1,1,2,2,2,2,2,2,2,2,2,2,2,2,2,1,2,1,1,2,2,1,1,1,1,1,1,1
S149,s05-14,1,2,2,63,42,20,1,0.02216435185,2,2,1,1,2,2,2,2,1,2,2,2,1,1,2,2,1,2,2,NA,2,2,2,2,2,2,1,2,2,2,2,2,2,2,2,2,2,2,1,1,2,2,2,1,1,2,2,2,1,2,2,2,2,1,2,1,1,1,1,1,1,1,2
S150,s05-16,2,2,1,63,32,31,0,0.03062500000,2,2,1,1,2,2,2,2,2,1,1,1,1,1,1,1,1,1,2,2,1,2,2,1,2,2,1,1,2,2,2,2,2,1,1,2,2,2,1,1,1,2,2,2,2,2,1,1,1,2,2,2,2,1,1,1,1,1,2,1,1,1,2
S151,s05-12,3,1,1,63,29,34,0,0.02196759259,2,2,1,1,2,2,2,2,2,1,1,2,1,1,1,1,2,2,2,1,2,1,1,1,2,2,1,2,2,2,1,2,1,1,1,1,2,2,1,2,2,2,2,2,1,2,1,1,1,2,1,2,1,1,1,2,1,1,1,1,1,1,1
S152,s05-04,1,2,2,63,31,21,11,0.00000036169,2,2,NA,NA,2,2,2,2,2,1,1,2,NA,NA,NA,NA,NA,NA,NA,NA,2,NA,2,2,2,2,1,2,2,2,1,1,1,1,1,1,2,2,2,1,2,2,2,2,1,2,1,2,2,2,1,2,1,1,1,1,1,2,2,1,1,1,2
S153,s05-17,2,2,1,63,22,41,0,0.01916666667,1,1,1,1,2,2,2,2,1,1,1,1,2,2,1,1,2,1,1,2,1,2,1,1,2,1,1,1,2,1,2,2,1,2,1,2,1,1,2,1,1,1,2,2,2,2,1,2,1,1,1,1,1,1,1,2,1,1,1,1,1,1,1
S154,s05-01,3,1,1,63,51,12,0,0.03116898148,2,2,1,2,2,2,2,1,2,2,2,2,2,1,2,2,2,2,2,2,2,2,2,1,2,2,2,2,2,2,2,2,2,2,1,1,2,2,1,1,2,2,2,2,2,2,2,2,2,2,2,2,1,1,1,2,2,2,2,2,2,1,2
S155,s05-15,1,2,2,63,28,31,4,0.00000036169,2,2,1,1,2,2,2,2,1,1,1,1,NA,NA,NA,NA,1,2,2,2,1,2,2,2,1,2,1,1,2,2,2,1,1,2,1,1,2,2,1,1,2,2,1,1,2,2,1,1,1,2,1,2,2,1,1,1,1,1,1,1,2,1,2
S156,s05-02,2,2,1,63,40,22,1,0.02670138889,2,2,2,NA,2,2,2,2,2,2,1,2,2,1,1,1,1,1,2,2,1,2,2,2,2,2,2,1,1,1,2,2,2,2,2,2,2,2,1,1,1,1,2,2,1,2,1,2,2,2,1,1,2,1,2,1,2,2,2,1,2,1,2
S157,s06-07,1,2,2,63,19,44,0,0.02010416667,2,2,1,1,2,1,1,1,1,1,1,1,1,1,2,2,1,1,2,2,2,2,2,1,2,1,1,1,2,1,1,1,1,2,1,1,1,1,2,1,2,1,1,1,1,2,1,1,1,2,2,1,1,1,1,2,1,1,1,1,1,1,1
S158,s06-13,2,2,1,63,37,25,1,0.02870370370,2,2,1,NA,2,2,1,1,1,1,1,1,2,2,2,2,1,1,2,2,1,1,2,1,2,2,1,1,2,2,2,2,2,2,2,1,2,2,1,2,2,2,2,2,2,2,1,2,1,2,1,2,1,2,2,1,1,1,2,1,1,2,2
S159,s06-02,3,1,1,63,25,38,0,0.02900462963,1,1,1,1,2,2,1,1,1,1,1,1,2,2,1,2,2,1,2,2,2,1,1,1,2,2,1,1,2,1,1,2,2,1,1,1,2,1,2,2,1,1,2,2,2,2,1,2,1,1,1,2,2,1,2,1,1,1,1,1,1,1,1
S160,s06-01,1,2,2,63,33,29,1,0.00000036169,2,2,1,1,1,2,2,2,2,2,1,2,1,NA,1,1,1,1,2,2,2,1,1,2,2,2,2,2,2,2,2,2,2,1,2,2,1,1,1,2,1,1,2,1,2,1,2,2,1,2,2,1,1,1,1,2,2,2,1,1,1,1,1
S161,s06-11,2,2,1,63,27,36,0,0.01505787037,2,2,1,1,2,2,2,2,1,2,1,1,1,2,2,1,1,1,2,2,2,1,1,2,2,2,1,1,2,2,2,1,1,2,2,1,2,1,2,1,1,2,2,1,2,2,1,1,1,1,1,1,1,1,2,1,1,1,1,1,1,1,1
S162,s06-15,3,1,1,63,8,55,0,0.01318287037,1,1,1,1,1,1,1,1,1,1,1,1,1,1,2,2,1,1,1,1,1,1,1,1,1,1,1,2,1,1,1,1,2,1,1,1,1,2,2,1,1,1,1,1,1,1,1,1,1,1,2,1,1,1,2,1,1,1,1,1,1,1,1
S163,s06-08,1,2,2,63,18,45,0,0.01260416667,1,1,1,1,1,1,1,1,1,1,1,1,1,1,2,1,1,1,2,1,1,1,2,2,1,1,1,1,1,1,2,1,1,1,2,1,2,2,2,2,2,2,2,2,1,2,1,1,2,2,1,1,1,1,1,1,1,1,1,1,1,1,2
S164,s06-06,2,2,1,63,22,41,0,0.02240740741,2,1,1,1,1,1,1,1,1,1,1,1,1,1,1,2,1,2,2,1,1,1,2,2,2,1,1,1,2,2,1,2,2,1,1,1,2,2,2,1,1,2,2,1,1,2,2,1,1,2,1,1,2,1,1,2,1,1,1,1,1,1,2
S165,s06-03,3,1,1,63,17,46,0,0.02055555556,1,1,1,1,1,1,1,1,1,1,1,1,1,1,1,1,1,1,2,2,1,1,2,1,1,1,1,1,1,2,1,2,2,1,2,2,1,2,2,1,1,2,2,2,1,1,1,2,1,2,1,1,1,1,2,2,1,1,1,1,1,1,1
S166,s06-04,1,2,2,63,14,49,0,0.01850694444,1,1,1,1,1,1,1,1,1,1,1,1,1,1,1,1,1,1,2,2,1,1,2,2,1,2,1,1,1,2,1,1,1,1,2,1,2,1,1,1,1,1,2,2,2,2,1,1,1,2,1,1,2,1,1,1,1,1,1,1,1,1,1
S167,s06-10,2,2,1,63,18,45,0,0.02328703704,1,2,1,1,1,2,1,1,1,1,1,1,1,1,1,1,1,1,2,2,1,1,1,1,2,1,1,1,2,2,1,1,1,1,2,2,2,2,1,1,1,2,1,1,1,2,1,2,1,1,1,2,1,1,2,1,2,2,1,1,1,1,1
S168,s06-12,3,1,1,63,10,53,0,0.01968750000,1,1,1,1,1,1,1,1,1,1,1,1,1,1,1,1,1,2,1,2,1,1,1,1,1,1,1,1,2,2,1,1,1,1,1,1,1,1,2,1,2,2,1,1,1,1,1,1,2,1,1,1,1,1,1,2,1,1,1,2,1,1,1
S169,s06-05,1,2,2,63,19,44,0,0.01583333333,1,2,1,2,1,2,1,1,1,1,1,1,1,1,1,1,2,1,2,2,1,1,2,1,1,1,1,1,1,2,2,1,1,2,1,1,1,2,1,1,1,2,2,1,2,2,1,2,1,2,2,1,1,1,1,1,1,1,2,1,1,1,1
S170,s06-09,2,2,1,63,21,42,0,0.02334490741,1,2,1,1,1,1,1,1,1,1,1,1,2,2,2,1,1,1,2,2,2,1,2,2,1,1,1,1,2,2,1,1,1,1,1,1,1,1,1,2,2,2,2,1,2,2,1,2,2,2,1,1,1,1,1,1,1,1,1,1,1,2,1
S171,s06-14,3,1,1,63,20,43,0,0.01965277778,1,2,1,1,2,2,1,1,1,1,1,1,1,2,2,1,1,1,1,2,1,1,2,2,2,2,1,1,1,2,2,1,1,2,1,1,2,2,1,2,2,2,1,1,1,1,1,1,1,2,1,1,2,1,1,1,1,1,1,1,1,1,1
S177,s07-09,1,2,2,63,9,54,0,0.02214120370,1,1,1,1,1,2,1,1,1,1,1,1,1,1,1,1,1,1,1,2,1,1,1,1,1,2,1,2,1,1,2,1,1,1,1,1,1,2,1,1,1,1,1,1,1,2,1,1,1,1,2,1,1,1,2,1,1,1,1,1,1,1,1
S178,s07-06,2,2,1,63,21,42,0,0.02736111111,1,2,1,1,1,1,1,1,1,1,1,1,2,1,1,2,1,1,2,2,1,1,1,1,2,2,1,1,2,1,1,2,1,1,1,1,2,2,2,2,1,2,2,1,1,1,1,2,1,2,1,1,2,1,1,1,2,1,2,1,1,1,2
S179,s07-01,3,1,1,63,23,39,1,0.00000036169,1,2,1,1,2,1,2,2,1,1,1,1,1,2,1,1,1,1,2,2,2,1,2,1,1,2,1,2,2,2,1,1,1,1,1,1,2,2,2,1,2,2,2,2,1,2,1,1,1,2,1,1,1,1,1,1,1,2,1,1,1,1,NA
S180,s07-11,1,2,2,63,22,41,0,0.02553240741,1,2,1,1,1,1,1,1,1,1,1,1,1,1,2,2,1,1,2,2,2,1,1,1,2,1,1,1,2,1,2,2,1,2,2,1,1,1,1,1,2,2,2,2,2,1,2,2,1,1,2,1,2,1,1,1,1,1,1,1,1,1,2
S181,s07-08,2,2,1,63,8,55,0,0.01835648148,1,1,1,1,1,1,1,1,1,1,1,1,2,1,1,1,1,1,1,1,2,1,1,1,1,1,1,1,2,1,1,2,2,1,1,2,1,1,1,1,1,1,1,1,1,2,1,1,1,2,1,1,1,1,1,1,1,1,1,1,1,1,1
S182,s07-02,3,1,1,63,29,34,0,0.02119212963,1,2,1,1,2,2,1,1,1,1,1,1,1,1,2,2,1,1,1,2,2,2,1,2,2,1,1,1,2,2,1,2,2,2,1,2,2,2,1,1,1,1,1,2,2,2,2,2,2,2,1,1,2,1,2,1,1,1,2,1,2,1,1
S183,s07-03,1,2,2,63,20,43,0,0.01491898148,1,1,1,1,1,1,1,1,1,1,1,1,1,2,1,2,2,2,1,2,1,1,1,1,1,2,1,2,2,2,2,2,1,2,1,1,1,1,2,2,1,1,2,1,1,2,1,1,2,1,2,1,1,1,2,2,1,1,1,1,1,1,1
S184,s07-05,2,2,1,63,10,53,0,0.01469907407,1,1,1,1,1,1,1,1,1,1,1,1,1,1,1,1,1,2,1,2,1,2,1,1,1,1,1,1,1,1,1,2,1,1,1,1,2,1,1,2,1,2,1,1,1,1,1,1,1,1,2,2,2,1,1,1,1,1,1,1,1,1,1
S186,s07-07,1,2,2,63,18,45,0,0.02107638889,2,2,1,1,1,1,1,1,1,1,1,1,1,2,1,1,1,1,1,2,1,1,1,1,2,1,1,1,2,2,2,2,1,1,1,1,1,1,2,2,2,2,2,1,1,2,2,2,1,1,1,1,1,1,1,1,1,1,1,2,1,1,1
S187,s07-04,2,2,1,63,13,50,0,0.01133101852,1,1,1,1,1,1,1,1,1,1,1,1,1,1,1,1,1,1,2,2,1,1,1,1,1,2,1,1,2,2,1,1,1,1,1,2,1,2,1,1,1,2,1,1,1,1,1,1,2,2,2,2,1,1,1,2,1,1,1,1,1,1,1
S188,s07-10,3,1,1,63,11,52,0,0.02332175926,1,1,1,2,2,1,1,1,1,1,1,1,1,1,1,1,2,2,2,1,1,1,2,1,1,1,1,1,1,1,1,1,1,1,1,1,1,1,1,1,2,2,1,1,1,2,1,1,2,1,2,1,1,1,1,1,1,1,1,1,1,1,1
S189,s07-12,1,2,2,63,14,47,0,0.01400462963,1,1,1,1,1,1,1,1,1,1,1,1,NA,NA,1,2,1,1,1,1,1,1,1,1,1,1,1,1,2,2,2,2,1,1,1,2,1,2,1,1,1,1,1,1,1,2,1,2,1,2,2,2,2,1,1,1,1,1,1,1,1,1,2
S194,s08-04,1,2,2,63,4,59,0,0.03084490741,1,1,1,1,1,1,1,1,1,1,1,1,1,1,1,2,1,1,1,1,1,1,1,1,1,1,2,1,1,1,1,1,1,1,1,1,1,1,2,1,1,1,1,1,1,1,1,1,1,1,1,1,1,1,2,1,1,1,1,1,1,1,1
S195,s08-05,2,2,1,63,10,53,0,0.01781250000,2,1,1,1,1,1,1,1,1,1,1,1,1,2,1,2,1,1,1,1,1,1,1,1,2,1,1,1,1,1,1,1,1,1,1,1,2,1,1,1,2,2,2,1,1,1,1,1,1,1,2,1,1,1,2,1,1,1,1,1,1,1,1
S196,s08-11,3,1,1,63,23,40,0,0.03004629630,1,1,1,1,1,1,1,1,1,1,1,1,1,1,1,2,1,1,1,2,2,2,2,1,2,2,1,2,2,2,1,2,2,1,1,1,2,2,2,1,2,1,1,1,2,2,1,1,1,2,2,2,1,1,2,1,1,1,1,1,1,1,2
S197,s08-03,1,2,2,63,11,52,0,0.02336805556,1,1,1,1,1,1,1,1,1,1,1,1,1,1,1,1,1,1,2,2,2,2,1,1,1,1,2,1,1,1,1,1,1,1,1,1,1,1,1,1,2,1,1,1,1,2,1,1,2,1,1,2,1,1,1,1,1,1,2,1,1,1,2
S198,s08-02,2,2,1,63,12,51,0,0.02130787037,1,1,1,1,1,1,1,1,1,1,1,1,1,1,2,2,1,1,1,2,1,1,1,1,2,1,1,1,1,2,1,2,1,1,1,1,1,1,1,1,1,2,1,1,2,2,1,1,1,1,1,2,2,1,2,1,1,1,1,1,1,1,1
S199,s08-07,3,1,1,63,17,46,0,0.02555555556,1,1,1,1,1,2,1,1,1,1,1,1,1,2,1,1,1,1,2,2,2,2,1,1,2,2,1,1,2,2,1,1,1,1,1,2,1,2,1,1,1,1,2,1,1,1,2,2,2,2,1,1,1,1,1,1,1,1,1,1,1,1,1
S200,s08-10,1,2,2,63,27,36,0,0.02028935185,2,2,1,1,1,1,1,1,1,1,1,1,1,2,2,1,1,2,2,2,2,2,1,1,2,2,1,1,2,2,1,2,1,2,2,2,2,2,1,1,2,2,2,1,2,2,1,1,1,1,2,1,1,2,2,1,1,1,1,1,1,1,1
S201,s08-01,2,2,1,63,18,45,0,0.01930555556,2,2,2,2,1,2,1,1,1,1,1,1,1,2,1,1,1,1,2,2,1,2,2,1,1,1,1,1,2,1,1,1,1,1,1,1,1,2,2,1,2,1,2,1,1,1,1,2,1,2,1,1,2,1,1,1,1,1,1,1,1,1,1
S202,s08-06,3,1,1,63,25,38,0,0.02444444444,1,2,2,2,2,2,1,1,1,1,1,1,1,1,1,2,1,1,2,2,2,2,2,1,2,2,2,2,2,2,1,2,2,2,1,2,1,2,1,1,2,2,1,1,2,1,1,1,1,1,1,1,1,1,1,1,1,1,1,1,1,1,1
S203,s08-09,1,2,2,63,13,50,0,0.02210648148,1,1,1,1,1,1,1,1,1,1,1,1,2,2,2,2,1,1,1,2,1,1,2,1,1,1,1,1,2,1,1,1,1,1,1,1,2,1,1,1,2,2,1,1,1,1,1,1,1,1,1,1,2,1,2,2,1,1,1,1,1,1,1
S204,s08-08,2,2,1,63,26,37,0,0.02201388889,2,2,1,1,1,2,2,2,2,1,1,1,1,2,2,1,2,1,1,1,2,1,2,1,2,1,1,2,2,2,2,1,2,1,1,2,1,2,2,1,2,1,2,1,1,2,1,1,1,1,1,1,1,1,1,1,2,2,1,1,1,1,2
S208,s09-01,1,2,2,63,16,12,35,0.00000036169,NA,NA,NA,NA,NA,NA,NA,NA,2,NA,2,2,NA,NA,NA,NA,NA,NA,NA,NA,NA,NA,NA,NA,2,NA,2,1,2,2,NA,NA,NA,NA,NA,NA,2,2,2,2,1,1,NA,NA,2,NA,NA,NA,1,2,1,2,1,2,1,1,1,NA,NA,1,1,1,2
S209,s09-02,2,2,1,63,24,39,0,0.03092592593,1,1,1,1,1,1,2,2,1,2,1,2,1,1,1,1,1,1,2,2,1,1,1,1,2,1,1,2,2,2,2,1,1,1,2,1,2,1,2,1,2,1,2,1,1,2,1,2,1,2,2,1,2,2,1,1,1,1,1,1,1,2,2
S210,s09-09,3,1,1,63,23,40,0,0.01918981481,1,1,1,1,1,1,1,1,1,1,1,1,2,1,1,1,1,1,2,2,2,1,2,1,1,2,1,2,2,2,1,2,2,2,2,1,2,2,1,2,1,1,2,1,2,2,1,1,1,1,1,2,2,1,2,1,1,1,1,1,2,1,1
S211,s09-12,1,2,2,63,17,46,0,0.01535879630,1,2,1,1,1,1,1,1,1,1,1,1,2,2,1,1,1,1,2,2,2,1,1,2,2,1,1,1,1,2,1,1,1,1,1,2,2,1,1,1,1,1,2,2,2,2,1,1,1,1,2,1,1,1,2,1,1,1,1,1,1,1,1
S212,s09-08,2,2,1,63,20,43,0,0.01682870370,1,1,1,1,2,1,1,1,1,1,1,1,2,2,1,1,1,1,2,2,1,1,1,2,2,2,1,1,1,1,2,2,2,1,1,1,2,1,1,1,1,2,2,1,1,2,1,1,2,1,1,1,2,1,1,1,1,1,2,1,2,1,2
S213,s09-16,3,1,1,63,16,47,0,0.02170138889,1,1,2,1,2,1,1,1,1,1,1,1,1,1,2,1,2,2,2,2,2,2,1,1,1,1,1,1,1,1,1,1,1,2,1,1,1,2,1,1,2,2,1,1,2,1,1,1,1,1,1,1,2,1,1,1,1,1,1,1,1,1,2
S214,s09-04,1,2,2,63,20,43,0,0.02315972222,2,2,1,1,1,1,1,2,1,1,1,1,1,1,1,2,1,1,2,2,2,2,1,1,2,1,1,2,2,2,1,1,1,1,1,1,2,2,1,1,2,1,1,1,1,1,1,1,2,2,1,1,1,1,1,2,1,1,1,1,1,2,2
S215,s09-14,2,2,1,63,38,25,0,0.02703703704,1,2,2,2,2,2,2,2,1,2,2,2,1,1,2,1,1,1,2,2,1,2,2,2,2,1,1,2,2,2,2,2,1,1,1,2,2,2,1,2,2,2,1,1,2,2,2,2,1,2,2,1,1,1,1,1,2,2,1,1,2,1,2
S216,s09-03,3,1,1,63,45,18,0,0.02372685185,2,2,1,1,2,2,2,2,2,1,2,2,1,2,2,2,1,1,2,2,2,2,2,2,2,2,2,2,2,2,1,1,2,2,2,2,2,2,2,1,2,2,2,2,1,1,1,2,1,2,2,2,2,1,1,1,2,2,2,2,1,1,2
S217,s09-06,1,2,2,63,22,41,0,0.02443287037,2,2,1,1,1,2,1,1,1,1,1,1,1,1,2,2,1,2,2,2,1,2,1,1,2,2,1,1,2,2,1,1,1,1,2,1,2,2,2,1,1,2,1,1,1,1,1,1,1,2,2,2,1,1,1,1,2,1,1,1,1,1,1
S218,s09-05,2,2,1,63,33,30,0,0.01754629630,2,2,1,1,2,2,2,2,2,2,2,2,1,2,1,1,1,1,2,2,1,1,1,1,2,1,1,2,2,2,2,2,2,2,2,2,2,2,1,1,2,2,1,1,1,2,2,2,1,1,1,1,1,1,1,1,2,2,1,1,1,1,2
S219,s09-15,3,1,1,63,25,38,0,0.01585648148,1,2,1,1,2,1,1,1,1,1,1,1,1,1,1,1,1,1,2,2,2,2,2,1,2,2,1,1,2,2,2,2,2,2,1,1,2,2,2,1,2,2,1,1,1,2,1,1,1,2,2,2,1,1,2,1,1,1,1,1,1,1,1
S220,s09-10,1,2,2,63,30,33,0,0.02230324074,2,2,1,1,2,2,2,2,2,1,1,2,1,1,1,1,1,1,2,2,1,2,1,1,2,1,1,1,1,1,1,1,2,2,1,2,2,2,2,2,2,2,2,2,1,1,2,1,1,2,1,2,1,1,2,1,2,2,2,1,1,1,1
S221,s09-13,2,2,1,63,26,37,0,0.02547453704,2,2,1,1,1,1,1,2,2,1,1,1,2,2,1,1,1,1,2,2,2,1,2,1,1,1,2,2,2,1,1,1,1,2,1,1,2,1,2,1,2,2,2,2,1,1,1,2,1,2,1,1,2,1,2,1,1,1,1,1,1,2,2
S222,s09-11,3,1,1,63,14,47,0,0.01725694444,2,2,1,1,1,1,1,1,1,1,1,1,1,1,1,1,1,1,1,2,2,2,2,2,1,1,1,2,2,1,1,2,1,1,2,2,1,1,1,1,1,1,1,1,1,2,1,NA,1,1,1,1,1,1,1,2,1,1,1,NA,1,1,1
S223,s09-07,1,2,2,63,14,49,0,0.01796296296,1,1,1,1,1,1,1,1,1,1,1,1,1,2,1,1,1,1,1,2,1,2,2,1,1,1,2,1,1,1,1,1,1,1,1,1,2,2,1,1,2,2,1,1,2,2,1,1,2,2,1,1,1,1,1,1,1,1,1,1,2,1,1
S228,s10-12,1,2,2,63,18,45,0,0.02607638889,1,1,1,1,2,2,1,1,1,1,1,1,1,1,1,1,1,2,2,2,1,2,1,2,1,1,1,1,2,1,1,1,1,1,1,1,1,2,1,1,2,2,1,1,1,2,2,1,1,1,2,1,1,1,1,1,2,2,1,1,2,1,2
S229,s10-14,2,2,1,63,24,39,0,0.03075231481,1,1,1,1,1,1,1,1,1,1,1,1,1,1,1,1,1,1,2,2,2,2,2,1,2,2,2,1,2,2,1,2,2,1,1,2,2,1,1,1,1,2,2,2,1,2,1,1,1,2,2,2,1,1,1,1,2,2,1,1,1,1,2
S230,s10-02,3,1,1,63,41,22,0,0.03017361111,2,2,1,2,2,2,2,2,2,2,2,2,1,2,1,2,1,1,2,2,2,2,2,1,2,2,1,2,2,2,2,2,2,2,1,2,2,2,2,1,2,2,1,1,1,1,1,2,1,2,2,2,2,1,2,2,1,1,1,1,1,1,2
S231,s10-10,1,2,2,63,37,25,1,0.02644675926,1,1,1,NA,2,2,1,1,1,1,1,1,2,2,2,2,1,1,2,2,1,2,2,2,2,2,2,2,2,2,2,2,2,2,2,2,2,2,1,2,2,2,2,1,1,2,1,2,2,2,1,1,2,1,1,1,2,2,1,1,1,1,2
S232,s10-03,2,2,1,63,21,42,0,0.02247685185,2,2,1,1,1,1,1,1,1,1,1,1,1,1,1,1,1,1,2,2,1,1,1,1,2,2,2,2,2,2,1,1,1,1,1,1,2,1,1,2,2,2,2,1,2,2,2,1,1,1,2,1,2,1,2,1,1,1,1,1,1,1,1
S233,s10-04,3,1,1,63,45,18,0,0.02596064815,2,2,2,2,2,2,2,2,2,2,1,2,1,1,1,2,1,1,2,2,2,2,2,2,2,2,1,2,2,2,2,2,1,2,2,2,2,2,2,2,2,2,2,1,2,2,1,1,2,2,2,2,2,1,1,1,1,1,2,2,2,1,1
S234,s10-09,1,2,2,63,14,49,0,0.01731481481,1,1,1,1,1,1,1,1,1,1,1,1,1,1,2,1,1,1,2,2,1,1,1,1,1,2,1,1,2,2,1,1,1,1,1,2,1,2,2,1,1,1,2,2,2,2,1,1,1,1,1,2,1,1,1,1,1,1,1,1,1,1,1
S235,s10-06,2,2,1,63,30,33,0,0.02157407407,2,2,2,2,1,2,1,1,1,1,1,1,2,2,2,1,1,2,2,2,2,1,2,1,2,1,1,1,1,1,1,1,1,2,1,1,2,2,1,1,1,2,2,2,1,1,1,1,1,2,2,2,2,1,1,1,2,2,2,1,2,2,2
S236,s10-05,3,1,1,63,16,47,0,0.02268518519,1,2,1,1,1,1,1,1,1,1,1,1,2,2,2,2,1,1,1,1,1,1,1,1,1,1,1,1,2,1,2,2,2,2,1,1,2,2,1,1,1,2,1,1,1,1,1,1,2,2,1,1,1,1,1,2,1,1,1,1,1,1,1
S237,s10-16,1,2,2,63,26,23,14,0.00000036169,1,2,1,1,1,1,2,2,1,1,1,1,NA,NA,NA,NA,NA,NA,NA,2,NA,NA,NA,NA,2,2,2,2,2,2,NA,NA,2,NA,2,1,2,1,1,1,1,1,2,2,1,2,1,2,1,2,2,2,2,1,1,1,2,2,2,2,1,1,2
S238,s10-13,2,2,1,63,33,30,0,0.02259259259,2,2,2,2,1,2,2,2,2,1,2,2,1,2,1,1,2,2,2,2,2,2,1,1,2,1,2,1,1,1,1,2,2,1,2,2,1,2,1,1,2,1,1,1,1,1,1,2,1,2,2,1,2,1,2,1,2,2,1,1,1,1,2
S239,s10-08,3,1,1,63,38,25,0,0.02979166667,2,2,1,1,2,2,2,2,2,2,2,2,2,2,1,1,2,2,2,2,2,1,2,1,2,1,2,2,2,2,1,1,1,1,1,1,2,2,1,1,2,2,1,2,1,2,2,2,1,2,2,2,2,2,2,1,1,2,1,1,1,1,1
S240,s10-07,1,2,2,63,22,41,0,0.02709490741,2,2,1,1,2,2,2,2,1,2,1,1,1,2,1,1,1,2,1,1,1,1,2,1,2,2,1,1,1,2,2,1,1,1,1,2,1,1,1,1,1,1,1,1,1,2,1,2,1,2,2,2,1,1,1,2,1,1,1,1,1,1,2
S241,s10-01,2,2,1,63,34,29,0,0.02281250000,2,2,2,2,2,2,2,2,2,2,1,2,2,2,1,1,1,1,2,2,1,2,2,2,2,2,1,1,2,2,1,1,1,1,1,1,1,2,1,1,2,1,2,2,1,2,1,1,1,1,2,2,1,1,1,1,2,2,1,1,2,2,2
S242,s10-15,3,1,1,63,32,31,0,0.02806712963,1,2,1,1,2,1,1,1,1,1,1,1,1,1,2,2,2,2,2,2,2,2,2,2,2,2,1,2,2,2,1,1,1,1,1,2,2,2,1,1,2,2,1,1,2,1,1,2,2,2,1,1,2,1,1,2,2,2,1,1,1,2,2
S243,s10-11,1,2,2,63,24,39,0,0.02601851852,2,2,1,1,2,2,2,2,1,1,1,1,1,1,1,1,1,1,2,2,2,1,2,2,2,2,1,1,1,2,1,1,2,1,1,1,1,2,1,1,2,2,2,2,1,1,2,2,1,2,1,1,1,1,1,1,1,1,1,1,1,1,2
S249,s11-04,1,2,2,63,15,48,0,0.02368055556,1,2,1,1,1,1,1,1,1,1,1,1,1,1,2,1,1,1,2,2,1,1,2,1,2,1,1,1,1,1,2,1,1,1,1,1,1,1,1,1,1,1,2,1,1,1,1,1,2,2,1,2,2,1,1,2,2,2,1,1,1,1,1
S250,s11-13,2,2,1,63,26,37,0,0.02030092593,2,2,2,1,1,2,1,1,1,1,1,1,1,1,2,2,1,2,2,2,1,1,2,2,2,2,1,2,1,2,1,2,1,1,2,1,2,1,2,2,2,1,2,1,1,2,1,1,1,2,2,1,1,1,1,1,1,1,1,1,1,1,2
S251,s11-12,3,1,1,63,26,37,0,0.01569444444,1,2,1,1,2,2,1,1,1,1,1,1,2,2,2,2,1,1,1,2,1,2,1,1,2,2,1,2,2,2,1,1,2,1,2,1,2,2,1,1,1,1,2,1,2,2,1,1,1,2,1,2,2,1,2,2,1,1,1,1,1,1,1
S252,s11-07,1,2,2,63,7,56,0,0.01314814815,1,1,1,1,1,1,1,1,1,1,1,1,1,1,2,2,1,1,1,1,1,1,1,1,1,1,1,1,1,2,1,1,1,1,2,1,1,1,1,2,1,1,1,1,1,2,1,2,1,1,1,1,1,1,1,1,1,1,1,1,1,1,1
S253,s11-05,2,2,1,63,20,43,0,0.03076388889,1,2,1,1,1,1,1,1,1,1,1,1,1,1,2,1,1,1,2,2,1,2,2,1,1,2,1,1,2,2,2,1,1,1,1,2,1,1,2,1,1,1,2,1,1,2,1,2,1,2,1,1,2,1,1,1,1,2,2,1,1,1,2
S254,s11-09,3,1,1,63,46,17,0,0.03111111111,2,2,1,2,2,2,2,2,2,2,2,2,1,2,1,2,1,1,2,2,2,2,2,2,2,2,1,2,2,2,1,1,2,2,1,2,2,2,1,2,2,2,2,2,2,2,2,1,2,2,1,1,2,1,2,1,2,2,2,1,1,2,2
S255,s11-08,1,2,2,63,34,29,0,0.02534722222,2,2,2,1,1,1,2,2,2,2,2,2,1,1,1,1,1,1,2,2,2,1,2,2,2,2,1,2,2,2,1,1,2,1,1,2,2,2,1,1,2,2,1,1,1,2,1,2,2,2,2,1,2,1,2,2,1,1,1,1,1,1,2
S256,s11-15,2,2,1,63,13,49,0,0.02690972222,1,1,1,1,1,2,1,2,1,1,1,1,1,NA,1,1,1,2,1,2,1,1,1,1,1,1,1,1,1,1,1,1,2,1,2,1,1,2,1,2,1,2,1,1,1,2,1,1,2,2,1,1,1,1,1,1,1,1,1,1,1,1,2
S257,s11-02,3,1,1,63,20,43,0,0.01320601852,2,2,1,1,1,2,1,2,2,2,1,2,1,1,1,1,1,1,2,2,2,2,2,1,1,1,1,1,2,2,1,1,2,1,2,1,2,2,1,1,1,1,2,1,1,2,1,1,1,1,1,1,1,1,1,1,1,1,1,1,1,1,1
S258,s11-03,1,2,2,63,24,39,0,0.01718750000,1,2,1,1,1,2,1,1,1,1,1,1,1,1,1,1,1,1,2,2,2,1,2,1,2,2,1,2,2,2,1,2,1,1,1,1,1,2,1,1,1,2,2,1,1,2,1,1,1,1,1,2,2,1,1,1,2,2,2,1,2,2,2
S259,s11-14,2,2,1,63,35,27,1,0.02217592593,2,2,1,NA,2,2,2,1,2,2,1,1,2,2,2,1,1,1,2,2,2,1,1,2,2,2,2,2,2,2,2,1,2,2,2,1,2,2,1,1,2,2,2,1,1,2,1,1,1,2,2,2,2,1,1,1,1,1,1,1,1,1,2
S260,s11-01,3,1,1,63,29,34,0,0.02351851852,1,1,1,1,2,2,2,1,2,1,2,2,1,1,1,1,1,1,2,2,1,1,2,2,2,2,1,2,2,2,2,1,2,2,2,2,2,1,1,1,2,2,1,2,2,2,1,1,1,2,2,1,2,1,1,1,1,1,1,1,1,1,1
S261,s11-10,1,2,2,63,23,40,0,0.02042824074,2,2,1,1,2,2,1,1,1,1,1,1,1,1,1,2,1,2,2,2,1,1,1,1,1,1,2,1,1,1,1,2,1,1,2,2,2,1,1,1,2,2,2,1,1,2,1,1,1,1,2,1,1,1,2,2,1,2,2,1,1,2,1
S262,s11-11,2,2,1,63,18,45,0,0.01781250000,2,2,1,1,1,1,1,1,1,1,1,1,1,1,1,2,1,1,2,2,2,2,1,1,1,1,2,1,1,1,1,1,1,1,2,1,1,2,1,2,1,2,2,1,1,2,1,1,1,1,1,1,1,1,1,1,2,2,1,1,2,1,2
S263,s11-06,3,1,1,63,28,35,0,0.02783564815,2,2,1,1,1,1,1,1,1,1,1,1,2,1,1,2,1,1,2,2,1,2,2,1,2,2,1,1,2,2,2,2,2,2,2,2,2,2,2,1,1,2,2,2,2,2,1,1,1,2,1,1,2,1,1,1,1,1,1,1,1,1,1
S269,s12-13,1,2,2,63,16,22,25,0.00000036169,2,2,1,1,1,1,NA,NA,NA,NA,1,NA,NA,NA,NA,NA,NA,NA,2,2,1,2,2,1,1,1,NA,NA,1,1,NA,NA,NA,NA,NA,NA,2,2,2,1,1,2,2,2,2,2,1,1,NA,NA,1,2,2,NA,NA,NA,1,1,NA,1,1,1,1
S270,s12-12,2,2,1,63,12,22,29,0.00000036169,2,1,1,1,1,1,NA,NA,NA,NA,1,NA,NA,NA,NA,NA,NA,NA,NA,NA,NA,NA,NA,NA,1,1,1,1,2,2,NA,NA,NA,NA,NA,NA,2,2,1,1,2,1,NA,NA,2,2,1,1,NA,2,1,2,2,1,1,1,NA,NA,NA,1,1,1,2
S271,s12-16,3,1,1,63,11,29,23,0.02983796296,1,2,1,1,1,1,1,1,1,1,1,1,1,1,2,2,1,1,2,2,1,1,1,1,1,1,1,2,1,2,1,1,2,1,1,2,2,2,NA,NA,1,1,NA,NA,NA,NA,NA,NA,NA,NA,NA,NA,NA,NA,NA,NA,NA,NA,NA,NA,NA,NA,NA
S272,s12-05,1,2,2,63,8,22,33,0.00000036169,2,NA,1,2,1,1,NA,NA,NA,NA,1,NA,NA,NA,2,NA,NA,NA,NA,NA,1,NA,1,1,1,NA,NA,NA,NA,NA,NA,NA,NA,NA,NA,NA,1,1,2,1,2,2,1,1,NA,NA,1,1,NA,NA,1,1,2,NA,NA,NA,1,2,1,NA,1,1,1
S273,s12-03,2,2,1,63,7,56,0,0.02740740741,1,1,1,1,1,1,1,1,1,1,1,1,1,1,2,1,1,1,1,1,2,1,1,1,1,1,1,1,1,1,1,1,1,2,1,1,1,1,1,1,1,2,1,1,1,2,1,1,2,1,1,1,2,1,1,1,1,1,1,1,1,1,1
S274,s12-06,3,1,1,63,10,53,0,0.01556712963,1,1,1,1,1,1,2,1,1,1,1,1,1,1,1,1,1,1,1,1,1,1,1,1,2,1,1,1,2,1,1,1,2,1,2,1,1,1,1,1,2,1,1,1,1,1,2,1,2,2,2,1,1,1,1,1,1,1,1,1,1,1,1
S275,s12-09,1,2,2,63,2,36,25,0.00000036169,1,1,1,1,1,1,NA,NA,1,1,1,1,NA,NA,NA,NA,NA,NA,1,1,NA,NA,1,1,1,1,NA,NA,1,2,NA,NA,NA,NA,NA,NA,1,1,2,1,1,1,1,1,NA,NA,1,1,NA,NA,1,1,1,NA,NA,NA,1,1,1,1,1,1,1
S276,s12-08,2,2,1,63,5,24,34,0.00000036169,NA,NA,NA,NA,1,1,NA,NA,NA,NA,1,NA,NA,NA,NA,NA,NA,NA,NA,NA,1,NA,1,1,1,2,NA,NA,NA,NA,NA,NA,NA,NA,NA,NA,1,1,1,1,1,1,2,2,2,2,1,1,NA,NA,1,1,1,NA,NA,NA,1,1,1,NA,1,1,1
S277,s12-17,3,1,1,63,13,50,0,0.02765046296,1,1,1,1,1,1,1,2,1,1,1,1,2,1,2,2,1,1,1,1,1,1,1,1,1,1,1,1,1,2,1,2,2,2,1,2,1,1,1,1,1,2,1,1,1,2,1,2,1,1,1,1,2,1,1,1,1,1,1,1,1,1,1
S278,s12-14,1,2,2,63,9,54,0,0.01947916667,2,1,1,1,1,1,1,1,1,1,1,1,1,1,1,1,1,1,1,1,1,1,1,1,1,1,1,1,1,2,1,1,1,1,2,2,1,1,1,1,2,2,1,1,1,1,1,1,1,2,1,2,1,1,1,2,1,1,1,1,1,1,1
S279,s12-15,2,2,1,63,3,17,43,0.03109953704,NA,NA,NA,NA,NA,NA,NA,NA,NA,NA,NA,NA,NA,NA,NA,NA,NA,NA,NA,NA,NA,NA,NA,1,NA,NA,NA,NA,NA,NA,NA,NA,NA,NA,NA,NA,1,1,1,1,1,1,NA,NA,NA,NA,1,1,NA,NA,1,1,1,NA,NA,2,2,2,1,1,1,1,1
S280,s12-10,3,1,1,63,9,41,13,0.02895833333,1,2,1,1,1,1,1,1,2,1,1,1,1,1,1,1,1,1,1,1,1,1,1,1,2,1,2,1,1,1,1,2,1,1,1,1,1,1,1,1,1,2,2,1,1,1,2,1,2,1,NA,NA,NA,NA,NA,NA,NA,NA,NA,NA,NA,NA,NA
S281,s12-07,1,2,2,63,9,30,23,0.00000036169,2,1,1,1,1,1,1,NA,NA,NA,NA,NA,NA,NA,NA,NA,NA,NA,1,1,1,1,1,1,1,1,NA,NA,1,NA,NA,NA,NA,NA,NA,NA,1,2,1,1,2,2,1,1,1,1,1,2,NA,NA,1,2,2,1,NA,NA,2,2,1,1,1,1,1
S282,s12-11,2,2,1,63,7,23,33,0.00000036169,NA,NA,1,NA,1,2,NA,NA,NA,NA,1,NA,NA,NA,NA,NA,NA,NA,NA,NA,1,1,1,1,1,1,NA,NA,NA,NA,NA,NA,NA,NA,NA,NA,2,2,2,1,1,2,1,NA,1,NA,1,1,NA,NA,1,2,2,NA,NA,1,1,1,1,NA,1,1,1
S283,s12-02,3,1,1,63,13,50,0,0.01608796296,1,1,1,1,1,1,1,1,1,1,1,1,1,1,2,2,1,1,2,2,1,1,1,1,1,2,1,1,1,1,1,2,1,2,1,2,2,1,1,1,1,1,1,1,1,2,1,1,1,2,1,2,2,1,1,1,1,1,1,1,1,1,1
S284,s12-01,1,2,2,63,6,57,0,0.02456018519,1,1,1,1,1,1,1,1,1,1,1,1,1,1,2,2,1,1,1,2,1,1,2,1,1,1,1,1,1,1,1,1,1,1,1,1,1,1,1,1,2,1,1,1,1,2,1,1,1,1,1,1,1,1,1,1,1,1,1,1,1,1,1
S285,s12-04,2,2,1,63,5,58,0,0.02229166667,1,1,1,1,1,1,1,1,1,1,1,1,1,2,1,1,2,1,1,1,1,1,1,1,1,1,1,2,1,1,1,1,1,1,1,1,1,1,1,1,1,1,1,1,1,1,1,1,1,1,2,1,2,1,1,1,1,1,1,1,1,1,1
S291,s13-06,1,2,2,63,7,56,0,0.00943287037,1,1,1,1,1,1,1,1,1,1,1,1,1,1,1,1,1,1,1,1,1,1,1,1,1,1,1,2,1,1,2,2,1,1,1,1,1,1,1,1,2,2,1,1,1,1,1,1,1,1,2,1,2,1,1,1,1,1,1,1,1,1,1
S292,s13-09,2,2,1,63,12,51,0,0.01429398148,1,1,1,1,1,1,1,1,1,1,1,1,1,1,1,2,1,2,2,2,1,1,1,1,1,1,1,1,1,2,1,1,2,1,1,1,1,2,1,1,1,1,2,2,1,1,1,1,1,1,1,1,2,1,2,1,1,1,1,1,1,1,2
S293,s13-18,3,1,1,63,9,54,0,0.01619212963,1,1,1,1,1,1,1,1,1,1,1,1,1,1,1,1,1,1,2,2,1,1,2,1,1,2,1,1,1,1,1,1,1,1,1,1,2,2,1,1,1,2,1,1,1,1,1,1,1,2,1,1,2,1,1,1,1,1,1,1,1,1,1
S294,s13-13,1,2,2,63,14,49,0,0.01512731481,1,1,1,1,1,1,1,1,1,1,1,1,1,1,1,2,1,1,2,2,1,1,1,2,1,1,1,1,1,1,2,1,1,1,1,1,2,1,2,1,2,2,2,1,1,1,1,2,1,1,2,2,1,1,2,1,1,1,1,1,1,1,1
S295,s13-14,2,2,1,63,16,46,0,0.01819444444,1,1,1,1,1,1,1,1,1,1,1,1,1,NA,2,1,1,1,2,1,1,1,1,1,1,1,1,1,1,2,1,2,2,2,1,1,1,2,2,1,2,1,2,2,1,2,1,2,1,1,2,2,2,1,1,1,1,1,1,1,1,1,1
S296,s13-08,3,1,1,63,24,39,0,0.01532407407,2,2,2,1,2,1,1,1,2,2,2,2,2,1,2,1,2,1,2,2,1,1,2,2,2,1,1,2,1,1,1,1,1,1,1,1,1,1,2,1,2,1,2,1,2,2,1,1,1,1,2,1,1,1,2,1,1,1,1,1,1,1,1
S297,s13-07,1,2,2,63,17,46,0,0.01635416667,1,1,1,1,1,1,1,1,1,1,1,1,1,2,1,2,1,1,2,2,1,1,1,1,1,1,1,2,2,2,1,2,1,1,1,1,2,2,1,1,1,1,1,1,1,2,1,2,2,2,2,1,2,1,1,2,1,1,1,1,1,1,1
S298,s13-01,2,2,1,63,19,21,23,0.00000036169,NA,NA,2,2,1,1,2,2,2,2,1,2,NA,NA,NA,1,NA,NA,NA,NA,2,NA,1,2,2,2,1,1,2,2,NA,NA,NA,NA,NA,NA,2,2,1,1,2,2,NA,NA,1,1,1,1,NA,1,2,1,2,1,NA,NA,1,NA,NA,1,1,1,1
S299,s13-03,3,1,1,63,18,39,6,0.00000036169,1,1,1,2,1,1,1,1,2,1,2,2,1,2,1,2,2,2,2,2,2,1,1,1,1,1,1,1,1,1,1,2,1,1,2,1,2,1,2,2,1,1,2,1,1,1,1,1,1,1,1,1,2,1,1,1,1,NA,NA,NA,NA,NA,NA
S300,s13-17,1,2,2,63,11,52,0,0.01937500000,1,1,1,1,1,1,1,1,1,1,1,1,1,1,2,2,1,1,2,1,1,1,1,1,1,1,1,1,2,1,1,1,1,1,1,1,1,1,1,1,2,1,2,1,2,2,1,2,1,1,2,1,1,1,1,1,1,1,1,1,1,1,2
S301,s13-11,2,2,1,63,14,47,0,0.02175925926,1,1,1,1,1,1,1,1,1,1,1,1,NA,NA,1,2,1,1,2,2,1,1,1,1,1,1,1,1,2,1,1,1,1,1,1,1,1,1,2,2,1,2,1,2,2,2,1,1,1,2,1,1,1,1,2,1,1,1,2,1,1,1,2
S302,s13-04,3,1,1,63,28,35,0,0.01851851852,1,2,1,1,1,2,1,2,1,1,1,1,1,1,1,1,1,1,2,2,1,1,2,1,2,2,1,2,2,2,1,2,2,1,2,2,2,2,2,1,1,2,2,2,2,2,2,2,1,1,1,1,1,1,2,1,1,1,2,1,2,1,1
S303,s13-15,1,2,2,63,14,31,16,0.00000036169,1,1,1,1,1,1,NA,NA,1,1,1,1,NA,NA,NA,NA,NA,NA,2,2,1,1,1,1,1,2,1,2,2,2,NA,NA,NA,NA,NA,NA,1,1,2,2,1,2,1,2,2,1,1,2,NA,NA,1,2,1,1,NA,NA,1,1,1,2,1,1,1
S304,s13-10,2,2,1,63,12,18,33,0.00000036169,NA,NA,NA,NA,NA,NA,NA,NA,1,NA,1,1,NA,NA,NA,NA,NA,NA,NA,NA,NA,NA,NA,NA,2,2,1,1,2,2,NA,NA,NA,NA,NA,NA,1,2,1,2,2,2,NA,NA,2,2,1,1,NA,1,1,1,2,1,2,1,NA,NA,NA,1,1,1,1
S305,s13-12,3,1,1,63,37,19,7,0.00000036169,2,2,2,2,2,2,2,1,2,2,2,2,1,1,1,1,1,1,2,2,2,2,2,2,1,2,1,2,2,2,1,2,2,2,2,2,2,2,2,2,2,2,2,2,2,1,1,1,1,1,1,1,2,1,1,2,NA,NA,NA,NA,NA,NA,NA
S306,s13-16,1,2,2,63,15,29,19,0.00000036169,2,2,1,1,1,2,NA,NA,1,1,1,1,NA,NA,NA,NA,NA,NA,2,1,2,2,2,1,2,1,1,1,1,2,NA,NA,NA,NA,NA,NA,2,2,2,1,1,2,1,2,1,2,1,1,NA,NA,1,1,1,NA,NA,NA,1,1,1,1,1,1,1
S307,s13-05,2,2,1,63,12,49,0,0.01797453704,2,1,1,1,1,1,1,1,1,1,1,1,1,1,NA,NA,2,1,2,2,1,1,1,2,2,1,1,2,2,1,1,1,1,2,1,1,2,1,1,1,1,1,1,1,1,1,1,1,1,1,1,1,1,1,1,2,1,1,1,1,1,1,2
S308,s13-02,3,1,1,63,10,53,0,0.01442129630,1,1,1,1,1,1,1,1,2,2,2,2,1,1,2,1,1,1,1,1,1,1,1,1,1,1,1,1,1,1,1,2,2,1,1,1,1,2,1,2,1,1,1,1,1,2,1,1,1,1,1,1,1,1,1,1,1,1,1,1,1,1,1
S315,s14-06,1,2,2,63,18,45,0,0.02694444444,1,1,1,1,1,2,1,1,1,1,1,2,1,1,2,1,1,1,2,2,2,1,2,1,2,1,1,1,2,2,1,2,2,1,1,1,2,2,1,1,1,1,1,1,2,1,1,1,1,2,1,1,2,1,1,1,1,1,2,1,1,1,1
S316,s14-01,2,2,1,63,11,9,43,0.00000036169,NA,NA,NA,NA,NA,NA,NA,NA,NA,NA,NA,NA,NA,NA,NA,NA,NA,NA,NA,NA,NA,NA,NA,NA,NA,NA,2,2,2,2,NA,NA,NA,NA,NA,NA,1,2,1,1,2,2,NA,NA,2,2,1,1,NA,NA,NA,NA,NA,1,NA,NA,1,NA,NA,1,2,1,2
S317,s14-03,3,1,1,63,18,45,0,0.01603009259,1,2,1,1,2,2,1,1,1,1,1,1,1,1,2,2,1,1,2,2,1,2,1,1,1,1,1,2,1,1,1,2,1,1,1,1,1,2,1,1,1,2,2,2,2,2,1,1,1,1,1,1,1,1,2,1,1,1,1,2,1,1,1
S318,s14-04,1,2,2,63,16,47,0,0.01633101852,1,2,1,1,2,1,1,1,1,1,2,2,1,2,2,1,1,2,1,2,1,1,2,1,1,1,1,1,2,1,1,1,1,1,1,1,2,2,1,1,1,1,1,1,1,2,1,1,1,1,1,1,1,1,2,2,1,1,1,1,1,1,2
S319,s14-02,2,2,1,63,18,45,0,0.02395833333,1,1,1,1,1,1,1,1,1,1,1,2,1,2,2,1,1,2,1,2,1,1,1,1,1,2,1,1,1,2,1,2,2,2,1,2,1,1,2,2,1,1,1,1,1,2,1,1,1,2,1,1,2,1,1,2,1,1,1,2,1,1,1
S320,s14-05,3,1,1,63,21,32,10,0.00000036169,1,2,1,1,1,1,1,1,2,1,1,2,1,1,1,1,1,1,2,2,1,1,1,1,2,2,2,2,2,2,1,1,2,2,2,2,2,2,1,1,2,1,2,1,1,1,1,2,1,2,1,1,1,NA,NA,NA,NA,NA,NA,NA,NA,NA,NA
S323,s15-06,1,2,2,63,40,22,1,0.02587962963,2,NA,1,1,2,2,2,2,2,2,2,1,2,1,1,1,1,1,1,2,2,2,2,1,2,2,2,2,2,2,2,1,2,2,2,2,2,2,2,1,2,2,2,2,1,2,1,1,2,2,1,1,2,1,2,1,1,1,2,1,2,2,2
S324,s15-02,2,2,1,63,17,46,0,0.02159722222,2,2,1,1,1,2,1,1,1,1,1,1,2,1,1,1,1,1,2,2,2,2,1,1,2,1,1,1,2,2,1,1,1,1,1,2,1,1,1,1,1,1,1,2,1,2,1,1,1,2,1,1,2,1,1,2,1,1,1,1,1,1,1
S325,s15-03,3,1,1,63,42,21,0,0.02337962963,2,2,1,2,2,2,1,2,2,2,2,2,1,1,1,2,1,1,2,2,2,2,2,2,2,2,1,2,2,2,1,1,1,1,1,1,2,2,2,2,2,2,2,2,2,2,1,2,2,2,1,2,2,2,1,1,1,2,2,1,2,2,1
S326,s15-12,1,2,2,63,11,13,39,0.00000036169,2,NA,NA,NA,NA,NA,NA,NA,NA,NA,1,NA,NA,NA,NA,NA,NA,NA,NA,NA,NA,NA,NA,NA,2,1,1,1,2,2,NA,NA,NA,NA,NA,NA,2,2,2,1,1,1,NA,NA,1,NA,NA,NA,NA,NA,NA,NA,2,1,2,1,1,NA,NA,1,2,1,2
S327,s15-05,2,2,1,63,11,45,7,0.00000036169,1,1,1,1,2,1,1,1,1,1,1,1,NA,NA,NA,NA,NA,NA,1,2,1,1,1,2,2,1,1,1,1,1,1,NA,1,1,1,2,1,1,1,1,1,1,1,2,1,2,1,1,1,2,1,2,2,1,1,2,1,1,1,1,1,1,1
S328,s15-04,3,1,1,63,34,29,0,0.02312500000,2,2,2,2,1,2,2,2,2,1,2,1,1,2,1,1,1,1,1,1,2,2,2,2,2,1,1,1,1,2,2,2,2,2,2,1,2,2,1,1,2,2,2,2,2,2,2,2,2,1,2,1,2,1,1,1,1,1,1,1,1,1,1
S329,s15-11,1,2,2,63,20,43,0,0.02225694444,2,2,2,1,1,1,2,2,2,1,1,1,1,1,1,1,1,1,2,1,1,1,1,1,1,2,2,1,1,1,2,1,1,2,2,1,2,1,1,1,1,1,1,1,1,2,1,2,1,2,2,1,1,1,2,2,1,1,1,1,1,1,2
S330,s15-16,2,2,1,63,29,34,0,0.02697916667,1,1,1,1,1,1,2,2,1,1,1,1,1,2,1,2,1,1,2,2,1,1,2,2,2,1,2,1,2,2,1,1,2,1,2,2,2,2,1,1,2,1,2,2,2,2,1,2,1,2,1,2,1,1,2,1,1,2,2,1,2,1,1
S331,s15-10,3,1,1,63,13,50,0,0.01839120370,1,1,1,1,2,2,1,1,1,1,1,1,2,2,1,1,1,1,2,1,1,1,2,1,2,1,1,1,2,1,1,1,1,1,1,1,1,1,1,1,2,1,1,1,1,1,1,1,1,1,1,1,1,1,2,1,2,2,1,1,1,1,2
S332,s15-09,1,2,2,63,28,35,0,0.02307870370,1,1,1,1,1,1,1,1,1,1,1,1,1,2,1,2,1,1,2,2,2,2,2,1,2,1,1,2,2,2,2,1,2,1,1,1,1,2,2,2,1,2,2,1,1,1,2,2,1,2,1,1,2,1,2,1,2,2,2,1,2,1,2
S333,s15-08,2,2,1,63,37,22,4,0.00000036169,2,2,2,2,2,2,1,1,1,1,1,1,1,2,1,1,1,2,NA,NA,NA,NA,1,2,2,2,2,2,2,2,2,2,2,2,1,2,2,2,1,1,2,2,2,2,1,2,2,2,1,2,1,2,2,1,1,1,2,2,2,2,1,1,2
S334,s15-01,3,1,1,63,26,37,0,0.03093750000,2,2,1,1,2,2,1,1,2,2,2,1,2,2,1,1,1,1,2,2,1,2,1,2,2,2,1,1,2,2,2,2,1,1,1,1,1,1,2,1,1,1,2,1,2,1,2,1,1,2,1,1,2,1,2,1,1,1,1,1,1,1,1
S335,s15-14,1,2,2,63,34,28,1,0.00000036169,2,2,1,NA,2,2,1,1,1,1,1,2,1,1,1,2,1,2,2,2,2,2,2,1,2,2,1,1,2,2,2,2,1,1,2,2,2,2,1,2,2,2,2,2,1,2,1,1,2,2,2,2,1,1,2,1,1,1,1,1,1,2,1
S336,s15-07,2,2,1,63,8,55,0,0.00968750000,1,1,1,1,1,1,1,1,1,1,1,1,1,1,2,2,1,1,1,2,1,1,1,1,1,1,1,1,1,1,1,1,1,1,2,1,2,2,1,1,2,1,1,1,1,1,1,1,1,1,2,1,1,1,1,1,1,1,1,1,1,1,1
S337,s15-15,3,1,1,63,11,52,0,0.01428240741,1,1,1,1,1,1,2,1,1,1,1,1,1,2,1,1,1,1,2,1,1,1,1,1,1,1,2,1,2,1,2,1,1,1,2,1,2,1,1,1,1,2,1,1,1,1,1,1,1,1,2,1,2,1,1,1,1,1,1,1,1,1,1
S338,s15-13,1,2,2,63,19,39,0,0.02151620370,1,1,1,1,1,1,2,2,1,1,1,1,NA,NA,NA,NA,1,NA,2,2,2,1,1,1,1,1,1,2,2,2,1,2,2,2,1,1,2,1,1,1,2,2,2,1,1,1,1,2,1,1,2,2,2,1,1,1,1,1,1,1,1,1,1
