SubjID,Cond_code,Seq,FB,All_Items,Correct,Incorr,Remain,ElapTime,psgpH,psgpM,psgpL,EAPsgp,MAPsgp,pargH,pargM,pargL,EAParg,MAParg,pcrH,pcrM,pcrL,EAPcr,MAPcr,pdtH,pdtM,pdtL,EAPdt,MAPdt,pexaH,pexaM,pexaL,EAPexa,MAPexa,pexpH,pexpM,pexpL,EAPexp,MAPexp,pextH,pextM,pextL,EAPext,MAPext,pindH,pindM,pindL,EAPind,MAPind,pmodH,pmodM,pmodL,EAPmod,MAPmod,precH,precM,precL,EAPrec,MAPrec,ptabH,ptabM,ptabL,EAPtab,MAPtab,pverH,pverM,pverL,EAPver,MAPver,ppicH,ppicM,ppicL,EAPpic,MAPpic
S052,1,2,2,63,20,14,29,0.00000036169,0.747,0.252,0.001,0.253,3,0.037,0.157,0.806,1.769,1,0.99,0.009,0,0.01,3,0.286,0.329,0.385,1.099,1,0.855,0.136,0.009,0.153,3,0.009,0.061,0.93,1.922,1,0.99,0.01,0,0.01,3,0.243,0.434,0.323,1.08,2,0.122,0.459,0.419,1.297,2,0.288,0.396,0.316,1.028,2,0.737,0.236,0.026,0.289,3,0.247,0.414,0.339,1.093,2,0.017,0.22,0.764,1.747,1
S053,2,2,1,63,12,51,0,0.02482638889,0.000,0.001,0.999,1.999,1,0.000,0.014,0.986,1.985,1,0.02,0.402,1,1.56,1,0.097,0.227,0.675,1.578,1,0.000,0.010,0.990,1.990,1,0.000,0.005,1.00,1.995,1,0.01,0.58,0,1.40,2,0.032,0.241,0.727,1.69,1,0.065,0.274,0.661,1.596,1,0.009,0.231,0.760,1.751,1,0.021,0.229,0.750,1.729,1,0.166,0.499,0.336,1.170,2,0.005,0.15,0.849,1.844,1
S054,3,1,1,63,34,29,0,0.02466435185,0.690,0.307,0.003,0.313,3,0.001,0.046,0.952,1.951,1,0.89,0.096,0,0.12,3,0.280,0.327,0.392,1.112,1,0.885,0.111,0.004,0.119,3,0.000,0.029,0.97,1.970,1,1.00,0.01,0,0.01,3,0.222,0.488,0.290,1.07,2,0.419,0.448,0.133,0.714,2,0.003,0.113,0.884,1.881,1,0.945,0.054,0.001,0.056,3,0.284,0.449,0.268,0.984,2,0.028,0.28,0.691,1.663,1
S055,1,2,2,63,8,55,0,0.03074074074,0.000,0.000,1.000,2.000,1,0.000,0.006,0.994,1.994,1,0.07,0.600,0,1.26,2,0.097,0.227,0.675,1.578,1,0.000,0.010,0.990,1.990,1,0.000,0.003,1.00,1.997,1,0.00,0.32,1,1.68,1,0.009,0.118,0.873,1.86,1,0.000,0.016,0.984,1.983,1,0.008,0.229,0.763,1.755,1,0.001,0.061,0.938,1.937,1,0.043,0.350,0.607,1.563,1,0.000,0.03,0.970,1.970,1
S056,2,2,1,63,20,43,0,0.02325231481,0.000,0.026,0.974,1.974,1,0.000,0.005,0.995,1.995,1,0.22,0.643,0,0.91,2,0.100,0.229,0.670,1.570,1,0.000,0.011,0.989,1.989,1,0.000,0.009,0.99,1.991,1,0.56,0.43,0,0.44,3,0.001,0.041,0.958,1.96,1,0.001,0.039,0.960,1.959,1,0.039,0.422,0.539,1.501,1,0.059,0.345,0.596,1.537,1,0.004,0.116,0.881,1.877,1,0.000,0.01,0.989,1.989,1
S057,3,1,1,63,25,28,10,0.00000036169,0.258,0.622,0.119,0.861,2,0.009,0.086,0.905,1.896,1,0.68,0.263,0,0.38,3,0.228,0.306,0.466,1.239,1,0.015,0.193,0.792,1.778,1,0.000,0.013,0.99,1.987,1,0.98,0.02,0,0.02,3,0.127,0.334,0.539,1.41,1,0.268,0.436,0.296,1.028,2,0.178,0.562,0.260,1.082,2,0.280,0.488,0.232,0.952,2,0.162,0.346,0.491,1.329,1,0.382,0.34,0.283,0.901,3
S058,1,2,2,63,33,30,0,0.03111111111,0.005,0.562,0.433,1.428,2,0.027,0.118,0.855,1.828,1,0.85,0.149,0,0.16,3,0.167,0.274,0.560,1.393,1,0.000,0.039,0.961,1.960,1,0.006,0.087,0.91,1.901,1,0.96,0.04,0,0.04,3,0.059,0.218,0.723,1.66,1,0.154,0.394,0.452,1.297,1,0.828,0.167,0.004,0.176,3,0.007,0.153,0.840,1.834,1,0.068,0.280,0.652,1.583,1,0.182,0.49,0.326,1.144,2
S059,2,2,1,63,20,37,6,0.00000036169,0.000,0.053,0.947,1.947,1,0.181,0.251,0.569,1.388,1,0.04,0.406,1,1.52,1,0.104,0.232,0.665,1.561,1,0.000,0.022,0.978,1.977,1,0.116,0.278,0.61,1.490,1,0.05,0.73,0,1.18,2,0.287,0.332,0.382,1.10,1,0.141,0.346,0.513,1.372,1,0.739,0.235,0.026,0.286,3,0.003,0.087,0.910,1.907,1,0.478,0.378,0.144,0.666,3,0.000,0.03,0.967,1.967,1
S060,3,1,1,63,28,35,0,0.02981481481,0.049,0.903,0.048,0.999,2,0.001,0.019,0.981,1.980,1,0.96,0.037,0,0.04,3,0.218,0.306,0.476,1.259,1,0.001,0.065,0.934,1.933,1,0.000,0.004,1.00,1.996,1,0.98,0.03,0,0.03,3,0.006,0.135,0.859,1.85,1,0.001,0.067,0.932,1.931,1,0.143,0.578,0.279,1.136,2,0.561,0.386,0.052,0.491,3,0.004,0.096,0.900,1.895,1,0.000,0.03,0.968,1.967,1
S061,1,2,2,63,21,42,0,0.02189814815,0.001,0.096,0.903,1.903,1,0.002,0.020,0.978,1.977,1,0.06,0.409,1,1.48,1,0.109,0.235,0.656,1.547,1,0.000,0.015,0.985,1.985,1,0.000,0.019,0.98,1.980,1,0.32,0.65,0,0.71,2,0.011,0.107,0.882,1.87,1,0.013,0.140,0.847,1.834,1,0.145,0.577,0.278,1.134,2,0.003,0.105,0.892,1.888,1,0.028,0.267,0.705,1.678,1,0.034,0.31,0.654,1.620,1
S062,2,2,1,63,12,49,0,0.01207175926,0.000,0.002,0.998,1.998,1,0.000,0.002,0.998,1.998,1,0.02,0.402,1,1.56,1,0.098,0.227,0.675,1.577,1,0.000,0.010,0.990,1.990,1,0.000,0.009,0.99,1.991,1,0.04,0.79,0,1.12,2,0.000,0.026,0.973,1.97,1,0.001,0.048,0.951,1.950,1,0.008,0.227,0.765,1.757,1,0.001,0.063,0.936,1.935,1,0.001,0.075,0.923,1.922,1,0.000,0.02,0.980,1.980,1
S063,1,2,2,63,21,42,0,0.02629629630,0.033,0.794,0.173,1.139,2,0.000,0.015,0.985,1.984,1,0.85,0.140,0,0.16,3,0.201,0.296,0.503,1.302,1,0.001,0.056,0.943,1.942,1,0.000,0.004,1.00,1.996,1,0.70,0.29,0,0.31,3,0.014,0.184,0.802,1.79,1,0.004,0.110,0.887,1.883,1,0.041,0.424,0.535,1.494,1,0.003,0.098,0.899,1.897,1,0.019,0.198,0.783,1.764,1,0.000,0.04,0.962,1.962,1
S064,2,2,1,63,36,27,0,0.02681712963,0.953,0.047,0.000,0.047,3,0.055,0.247,0.698,1.643,1,1.00,0.001,0,0.00,3,0.304,0.335,0.361,1.057,1,0.009,0.201,0.791,1.782,1,0.066,0.278,0.66,1.591,1,1.00,0.00,0,0.00,3,0.559,0.376,0.065,0.51,3,0.452,0.454,0.094,0.642,2,0.067,0.306,0.626,1.559,1,0.334,0.487,0.179,0.845,2,0.650,0.297,0.053,0.403,3,0.780,0.21,0.012,0.233,3
S065,3,1,1,63,30,33,0,0.02281250000,0.001,0.337,0.661,1.660,1,0.001,0.017,0.982,1.981,1,0.78,0.214,0,0.23,3,0.139,0.255,0.606,1.468,1,0.038,0.263,0.698,1.660,1,0.000,0.022,0.98,1.977,1,0.85,0.15,0,0.15,3,0.006,0.089,0.906,1.90,1,0.001,0.046,0.953,1.952,1,0.143,0.578,0.279,1.136,2,0.413,0.454,0.133,0.720,2,0.008,0.128,0.864,1.856,1,0.000,0.04,0.958,1.958,1
S066,1,2,2,63,19,44,0,0.01184027778,0.000,0.116,0.884,1.884,1,0.000,0.003,0.997,1.997,1,0.28,0.597,0,0.84,2,0.111,0.237,0.652,1.540,1,0.000,0.016,0.984,1.984,1,0.000,0.003,1.00,1.997,1,0.44,0.55,0,0.58,2,0.001,0.045,0.954,1.95,1,0.001,0.043,0.956,1.955,1,0.008,0.227,0.765,1.757,1,0.244,0.483,0.273,1.029,2,0.003,0.096,0.901,1.899,1,0.000,0.03,0.969,1.969,1
S067,2,2,1,63,6,54,0,0.00000008038,0.000,0.000,1.000,2.000,1,0.000,0.003,0.997,1.997,1,0.02,0.402,1,1.56,1,0.097,0.227,0.675,1.578,1,0.000,0.010,0.990,1.990,1,0.000,0.011,0.99,1.989,1,0.00,0.29,1,1.70,1,0.001,0.032,0.967,1.97,1,0.001,0.033,0.966,1.966,1,0.008,0.227,0.765,1.757,1,0.001,0.068,0.931,1.929,1,0.002,0.099,0.898,1.896,1,0.000,0.03,0.968,1.968,1
S068,3,1,1,63,16,47,0,0.01488425926,0.000,0.007,0.993,1.993,1,0.000,0.007,0.993,1.993,1,0.02,0.403,1,1.56,1,0.098,0.228,0.674,1.576,1,0.000,0.010,0.990,1.990,1,0.000,0.012,0.99,1.988,1,0.01,0.49,0,1.48,1,0.003,0.062,0.935,1.93,1,0.001,0.039,0.960,1.959,1,0.039,0.422,0.539,1.499,1,0.349,0.464,0.187,0.839,2,0.011,0.195,0.794,1.783,1,0.015,0.23,0.757,1.743,1
S074,1,2,2,63,20,43,0,0.02182870370,0.000,0.009,0.991,1.991,1,0.000,0.011,0.989,1.989,1,0.02,0.403,1,1.55,1,0.098,0.228,0.674,1.575,1,0.000,0.010,0.990,1.990,1,0.000,0.016,0.98,1.983,1,0.71,0.29,0,0.30,3,0.018,0.172,0.810,1.79,1,0.003,0.072,0.924,1.921,1,0.009,0.230,0.761,1.752,1,0.356,0.474,0.170,0.814,2,0.088,0.437,0.475,1.387,1,0.000,0.02,0.983,1.983,1
S075,2,2,1,63,35,27,1,0.00000024113,0.559,0.436,0.005,0.446,3,0.090,0.208,0.702,1.612,1,0.98,0.022,0,0.02,3,0.268,0.324,0.408,1.140,1,0.495,0.411,0.094,0.599,3,0.102,0.309,0.59,1.487,1,0.95,0.05,0,0.05,3,0.292,0.408,0.300,1.01,2,0.500,0.408,0.092,0.591,3,0.162,0.426,0.411,1.249,2,0.097,0.418,0.485,1.388,1,0.297,0.412,0.291,0.994,2,0.279,0.50,0.221,0.942,2
S076,3,1,1,63,33,30,0,0.02900462963,0.175,0.765,0.060,0.885,2,0.034,0.220,0.746,1.712,1,0.83,0.154,0,0.18,3,0.227,0.309,0.464,1.237,1,0.578,0.361,0.061,0.483,3,0.000,0.022,0.98,1.977,1,0.96,0.05,0,0.05,3,0.225,0.388,0.388,1.16,2,0.305,0.467,0.228,0.924,2,0.680,0.300,0.020,0.340,3,0.213,0.500,0.287,1.074,2,0.283,0.398,0.318,1.035,2,0.006,0.14,0.854,1.849,1
S077,1,2,2,63,21,42,0,0.02065972222,0.003,0.425,0.572,1.569,1,0.000,0.003,0.997,1.997,1,0.65,0.326,0,0.37,3,0.150,0.262,0.588,1.438,1,0.011,0.165,0.824,1.813,1,0.000,0.003,1.00,1.997,1,0.67,0.32,0,0.33,3,0.004,0.100,0.895,1.89,1,0.006,0.116,0.877,1.871,1,0.001,0.102,0.897,1.895,1,0.003,0.104,0.893,1.890,1,0.008,0.144,0.848,1.840,1,0.001,0.06,0.943,1.942,1
S078,2,2,1,63,20,43,0,0.01915509259,0.000,0.060,0.940,1.940,1,0.000,0.007,0.992,1.992,1,0.25,0.626,0,0.88,2,0.105,0.232,0.663,1.559,1,0.000,0.013,0.987,1.987,1,0.000,0.003,1.00,1.997,1,0.49,0.51,0,0.52,2,0.001,0.029,0.970,1.97,1,0.001,0.035,0.964,1.963,1,0.138,0.580,0.282,1.144,2,0.002,0.091,0.907,1.904,1,0.001,0.059,0.940,1.939,1,0.002,0.09,0.904,1.901,1
S079,3,1,1,63,27,36,0,0.02409722222,0.031,0.590,0.379,1.348,2,0.002,0.034,0.964,1.961,1,0.27,0.434,0,1.03,2,0.176,0.279,0.546,1.370,1,0.652,0.292,0.056,0.404,3,0.000,0.009,0.99,1.990,1,0.78,0.22,0,0.22,3,0.028,0.201,0.772,1.74,1,0.064,0.321,0.615,1.551,1,0.151,0.574,0.275,1.124,2,0.007,0.154,0.839,1.832,1,0.042,0.263,0.695,1.654,1,0.001,0.07,0.934,1.933,1
S080,1,2,2,63,9,54,0,0.00974537037,0.000,0.000,1.000,2.000,1,0.000,0.004,0.996,1.996,1,0.02,0.402,1,1.56,1,0.097,0.227,0.675,1.578,1,0.000,0.010,0.990,1.990,1,0.000,0.001,1.00,1.999,1,0.02,0.71,0,1.24,2,0.000,0.028,0.972,1.97,1,0.001,0.049,0.949,1.948,1,0.038,0.422,0.540,1.502,1,0.011,0.170,0.819,1.808,1,0.002,0.080,0.919,1.917,1,0.000,0.02,0.978,1.978,1
S081,2,2,1,63,21,42,0,0.02702546296,0.000,0.047,0.953,1.953,1,0.001,0.015,0.984,1.983,1,0.04,0.406,1,1.52,1,0.103,0.231,0.666,1.563,1,0.000,0.012,0.988,1.988,1,0.000,0.020,0.98,1.980,1,0.79,0.21,0,0.21,3,0.015,0.137,0.848,1.83,1,0.010,0.125,0.864,1.854,1,0.042,0.423,0.535,1.493,1,0.002,0.084,0.914,1.912,1,0.054,0.359,0.587,1.533,1,0.000,0.03,0.965,1.965,1
S082,3,1,1,63,18,45,0,0.00815972222,0.000,0.020,0.980,1.980,1,0.000,0.002,0.998,1.998,1,0.69,0.305,0,0.32,3,0.100,0.229,0.671,1.572,1,0.000,0.011,0.989,1.989,1,0.000,0.017,0.98,1.983,1,0.07,0.76,0,1.11,2,0.001,0.039,0.960,1.96,1,0.002,0.055,0.943,1.941,1,0.001,0.102,0.897,1.896,1,0.151,0.461,0.388,1.237,2,0.003,0.114,0.882,1.879,1,0.000,0.04,0.960,1.960,1
S083,1,2,2,63,13,50,0,0.01310185185,0.000,0.001,0.999,1.999,1,0.000,0.007,0.992,1.992,1,0.02,0.402,1,1.56,1,0.097,0.227,0.675,1.578,1,0.000,0.010,0.990,1.990,1,0.001,0.039,0.96,1.959,1,0.00,0.19,1,1.81,1,0.002,0.048,0.950,1.95,1,0.008,0.114,0.878,1.871,1,0.039,0.422,0.538,1.499,1,0.004,0.117,0.879,1.875,1,0.006,0.151,0.843,1.837,1,0.001,0.07,0.933,1.932,1
S084,2,2,1,63,26,37,0,0.02508101852,0.000,0.013,0.987,1.987,1,0.001,0.014,0.985,1.984,1,0.44,0.517,0,0.60,2,0.099,0.228,0.673,1.574,1,0.000,0.010,0.990,1.990,1,0.006,0.105,0.89,1.883,1,0.93,0.07,0,0.07,3,0.003,0.059,0.938,1.94,1,0.005,0.094,0.901,1.896,1,0.042,0.423,0.535,1.494,1,0.009,0.174,0.817,1.808,1,0.009,0.174,0.817,1.808,1,0.027,0.29,0.683,1.656,1
S085,3,1,1,63,25,38,0,0.02625000000,0.001,0.259,0.739,1.738,1,0.000,0.008,0.992,1.992,1,0.57,0.403,0,0.47,3,0.129,0.248,0.622,1.493,1,0.000,0.023,0.977,1.977,1,0.002,0.072,0.93,1.923,1,0.74,0.26,0,0.26,3,0.009,0.118,0.873,1.86,1,0.021,0.177,0.802,1.781,1,0.002,0.103,0.895,1.894,1,0.280,0.487,0.233,0.953,2,0.021,0.231,0.748,1.726,1,0.029,0.28,0.693,1.664,1
S086,1,2,2,63,36,27,0,0.02148148148,0.752,0.248,0.000,0.248,3,0.004,0.090,0.906,1.902,1,0.99,0.006,0,0.01,3,0.286,0.329,0.385,1.098,1,0.896,0.101,0.003,0.107,3,0.000,0.023,0.98,1.976,1,1.00,0.00,0,0.00,3,0.377,0.470,0.153,0.78,2,0.289,0.502,0.209,0.920,2,0.019,0.254,0.727,1.708,1,0.241,0.494,0.265,1.024,2,0.498,0.385,0.117,0.619,3,0.001,0.06,0.944,1.944,1
S087,2,2,1,63,22,41,0,0.01297453704,0.000,0.164,0.836,1.835,1,0.001,0.017,0.982,1.981,1,0.73,0.264,0,0.28,3,0.117,0.241,0.642,1.525,1,0.000,0.018,0.982,1.982,1,0.000,0.021,0.98,1.979,1,0.43,0.56,0,0.59,2,0.020,0.156,0.824,1.80,1,0.004,0.083,0.913,1.909,1,0.042,0.424,0.534,1.491,1,0.001,0.064,0.935,1.934,1,0.055,0.345,0.600,1.545,1,0.000,0.03,0.967,1.967,1
S088,3,1,1,63,20,43,0,0.02427083333,0.000,0.016,0.984,1.984,1,0.001,0.014,0.985,1.985,1,0.44,0.516,0,0.60,2,0.099,0.228,0.672,1.573,1,0.000,0.010,0.990,1.989,1,0.000,0.003,1.00,1.997,1,0.34,0.64,0,0.69,2,0.006,0.083,0.911,1.91,1,0.002,0.055,0.943,1.941,1,0.141,0.579,0.280,1.139,2,0.247,0.482,0.271,1.025,2,0.020,0.246,0.734,1.714,1,0.000,0.01,0.987,1.987,1
S089,1,2,2,63,14,35,14,0.00000036169,0.000,0.012,0.987,1.987,1,0.002,0.021,0.977,1.975,1,0.02,0.403,1,1.55,1,0.099,0.228,0.673,1.574,1,0.001,0.033,0.966,1.965,1,0.001,0.023,0.98,1.975,1,0.22,0.74,0,0.82,2,0.009,0.097,0.894,1.88,1,0.002,0.056,0.942,1.940,1,0.194,0.431,0.375,1.181,2,0.018,0.228,0.753,1.735,1,0.029,0.280,0.692,1.663,1,0.001,0.06,0.942,1.941,1
S090,2,2,1,63,13,50,0,0.01081018519,0.000,0.000,1.000,2.000,1,0.000,0.006,0.994,1.994,1,0.02,0.402,1,1.56,1,0.097,0.227,0.675,1.578,1,0.000,0.010,0.990,1.990,1,0.000,0.008,0.99,1.992,1,0.02,0.60,0,1.36,2,0.002,0.053,0.945,1.94,1,0.002,0.062,0.936,1.933,1,0.039,0.422,0.539,1.500,1,0.206,0.471,0.322,1.116,2,0.008,0.170,0.822,1.814,1,0.000,0.02,0.977,1.977,1
S091,3,1,1,63,21,42,0,0.02834490741,0.000,0.001,0.999,1.999,1,0.020,0.068,0.912,1.892,1,0.02,0.402,1,1.56,1,0.097,0.227,0.675,1.578,1,0.000,0.010,0.990,1.990,1,0.015,0.130,0.86,1.840,1,0.43,0.55,0,0.58,2,0.052,0.208,0.740,1.69,1,0.006,0.099,0.895,1.889,1,0.179,0.559,0.262,1.082,2,0.208,0.473,0.320,1.112,2,0.139,0.449,0.411,1.272,2,0.000,0.02,0.979,1.979,1
S097,1,2,2,63,30,33,0,0.02619212963,0.287,0.705,0.009,0.722,2,0.003,0.041,0.956,1.953,1,0.95,0.049,0,0.05,3,0.244,0.316,0.440,1.197,1,0.003,0.102,0.895,1.892,1,0.003,0.079,0.92,1.914,1,0.97,0.04,0,0.04,3,0.082,0.363,0.555,1.47,1,0.624,0.327,0.049,0.424,3,0.014,0.239,0.747,1.733,1,0.119,0.447,0.434,1.315,2,0.105,0.367,0.528,1.423,1,0.027,0.27,0.701,1.674,1
S098,2,2,1,63,18,45,0,0.02275462963,0.000,0.001,0.999,1.999,1,0.001,0.011,0.988,1.987,1,0.21,0.655,0,0.93,2,0.098,0.227,0.675,1.578,1,0.000,0.010,0.990,1.990,1,0.001,0.046,0.95,1.952,1,0.06,0.80,0,1.08,2,0.001,0.030,0.969,1.97,1,0.000,0.029,0.971,1.970,1,0.140,0.579,0.281,1.141,2,0.000,0.035,0.964,1.964,1,0.002,0.081,0.918,1.916,1,0.045,0.36,0.597,1.552,1
S099,3,1,1,63,20,43,0,0.00953703704,0.001,0.276,0.723,1.722,1,0.000,0.006,0.994,1.994,1,0.57,0.396,0,0.46,3,0.131,0.250,0.619,1.488,1,0.000,0.024,0.976,1.976,1,0.009,0.133,0.86,1.849,1,0.11,0.70,0,1.08,2,0.001,0.043,0.957,1.96,1,0.000,0.011,0.989,1.989,1,0.001,0.102,0.896,1.895,1,0.060,0.344,0.596,1.536,1,0.001,0.044,0.955,1.955,1,0.000,0.03,0.966,1.966,1
S100,1,2,2,63,14,49,0,0.00868055556,0.000,0.002,0.998,1.998,1,0.000,0.002,0.998,1.998,1,0.07,0.599,0,1.26,2,0.098,0.227,0.675,1.578,1,0.000,0.010,0.990,1.990,1,0.000,0.007,0.99,1.993,1,0.05,0.76,0,1.14,2,0.000,0.027,0.973,1.97,1,0.000,0.017,0.983,1.983,1,0.008,0.227,0.765,1.757,1,0.083,0.391,0.526,1.444,1,0.001,0.076,0.923,1.921,1,0.000,0.02,0.980,1.980,1
S101,2,2,1,63,14,49,0,0.01166666667,0.000,0.001,0.999,1.999,1,0.000,0.003,0.997,1.997,1,0.02,0.402,1,1.56,1,0.097,0.227,0.675,1.578,1,0.000,0.010,0.990,1.990,1,0.000,0.007,0.99,1.993,1,0.19,0.77,0,0.86,2,0.001,0.043,0.956,1.96,1,0.000,0.026,0.973,1.973,1,0.008,0.228,0.765,1.757,1,0.010,0.173,0.817,1.808,1,0.005,0.140,0.856,1.851,1,0.000,0.02,0.985,1.985,1
S102,3,1,1,63,33,30,0,0.01929398148,0.082,0.875,0.043,0.960,2,0.001,0.019,0.980,1.980,1,0.99,0.006,0,0.01,3,0.221,0.308,0.471,1.250,1,0.117,0.472,0.411,1.293,2,0.000,0.004,1.00,1.996,1,0.95,0.05,0,0.05,3,0.006,0.138,0.856,1.85,1,0.019,0.225,0.755,1.736,1,0.143,0.578,0.279,1.135,2,0.915,0.084,0.002,0.087,3,0.004,0.091,0.905,1.901,1,0.000,0.03,0.967,1.966,1
S103,1,2,2,63,32,18,13,0.00000036169,0.870,0.130,0.000,0.131,3,0.494,0.333,0.173,0.679,3,1.00,0.005,0,0.01,3,0.297,0.332,0.371,1.074,1,0.915,0.083,0.002,0.087,3,0.630,0.286,0.08,0.453,3,0.98,0.02,0,0.02,3,0.636,0.283,0.081,0.45,3,0.095,0.442,0.463,1.368,1,0.670,0.267,0.063,0.393,3,0.795,0.191,0.014,0.219,3,0.488,0.381,0.130,0.642,3,0.029,0.31,0.662,1.633,1
S104,2,2,1,63,9,54,0,0.02109953704,0.000,0.000,1.000,2.000,1,0.000,0.003,0.997,1.996,1,0.02,0.402,1,1.56,1,0.097,0.227,0.675,1.578,1,0.000,0.010,0.990,1.990,1,0.000,0.007,0.99,1.993,1,0.01,0.49,1,1.50,1,0.002,0.056,0.942,1.94,1,0.001,0.041,0.958,1.957,1,0.008,0.228,0.764,1.756,1,0.037,0.288,0.675,1.639,1,0.009,0.183,0.808,1.799,1,0.000,0.03,0.973,1.973,1
S105,3,1,1,63,23,40,0,0.02027777778,0.001,0.372,0.627,1.626,1,0.000,0.009,0.990,1.990,1,0.62,0.352,0,0.40,3,0.143,0.258,0.600,1.457,1,0.000,0.029,0.971,1.971,1,0.009,0.132,0.86,1.850,1,0.73,0.27,0,0.28,3,0.005,0.094,0.901,1.90,1,0.001,0.048,0.951,1.950,1,0.002,0.103,0.895,1.893,1,0.006,0.143,0.851,1.845,1,0.008,0.140,0.853,1.845,1,0.000,0.02,0.981,1.981,1
S106,1,2,2,63,33,22,8,0.00000036169,0.277,0.712,0.011,0.734,2,0.083,0.209,0.708,1.625,1,0.99,0.015,0,0.02,3,0.242,0.315,0.442,1.200,1,0.003,0.100,0.897,1.894,1,0.032,0.198,0.77,1.737,1,0.97,0.03,0,0.03,3,0.144,0.331,0.525,1.38,1,0.304,0.475,0.220,0.916,2,0.853,0.143,0.004,0.150,3,0.828,0.164,0.008,0.180,3,0.111,0.316,0.573,1.462,1,0.103,0.44,0.457,1.354,1
S107,2,2,1,63,11,46,1,0.00567129630,0.000,0.001,0.999,1.999,1,0.000,0.002,0.998,1.997,1,0.21,0.656,0,0.93,2,0.097,0.227,0.675,1.578,1,0.000,0.010,0.990,1.990,1,0.000,0.012,0.99,1.987,1,0.04,0.77,0,1.15,2,0.000,0.027,0.973,1.97,1,0.001,0.049,0.950,1.949,1,0.008,0.227,0.765,1.757,1,0.001,0.065,0.934,1.933,1,0.001,0.076,0.923,1.921,1,0.000,0.02,0.980,1.980,1
S108,3,1,1,63,35,22,6,0.00000036169,0.844,0.155,0.000,0.156,3,0.017,0.139,0.844,1.827,1,1.00,0.002,0,0.00,3,0.294,0.332,0.374,1.079,1,0.800,0.189,0.012,0.212,3,0.000,0.022,0.98,1.978,1,1.00,0.00,0,0.00,3,0.230,0.455,0.314,1.08,2,0.182,0.499,0.319,1.137,2,0.206,0.549,0.245,1.039,2,0.824,0.167,0.009,0.185,3,0.236,0.420,0.344,1.107,2,0.739,0.22,0.044,0.305,3
S109,1,2,2,63,37,26,0,0.02924768519,0.689,0.310,0.001,0.312,3,0.016,0.083,0.901,1.885,1,0.99,0.008,0,0.01,3,0.280,0.328,0.392,1.111,1,0.886,0.110,0.004,0.118,3,0.011,0.118,0.87,1.861,1,0.99,0.01,0,0.01,3,0.113,0.400,0.487,1.38,1,0.188,0.495,0.317,1.129,2,0.071,0.429,0.500,1.429,1,0.138,0.462,0.400,1.263,2,0.102,0.353,0.545,1.443,1,0.209,0.50,0.296,1.087,2
S110,2,2,1,63,42,19,2,0.02840277778,0.915,0.085,0.000,0.085,3,0.056,0.327,0.617,1.561,1,0.99,0.006,0,0.01,3,0.301,0.334,0.366,1.065,1,0.923,0.076,0.002,0.079,3,0.000,0.029,0.97,1.971,1,1.00,0.00,0,0.00,3,0.351,0.417,0.232,0.88,2,0.320,0.506,0.174,0.854,2,0.866,0.130,0.003,0.137,3,0.753,0.229,0.018,0.265,3,0.319,0.406,0.276,0.957,2,0.731,0.25,0.020,0.289,3
S111,3,1,1,63,22,41,0,0.00060185185,0.000,0.002,0.998,1.998,1,0.006,0.038,0.956,1.950,1,0.44,0.523,0,0.61,2,0.098,0.227,0.675,1.578,1,0.000,0.010,0.990,1.990,1,0.011,0.121,0.87,1.857,1,0.36,0.63,0,0.65,2,0.004,0.054,0.942,1.94,1,0.007,0.111,0.882,1.875,1,0.360,0.541,0.099,0.739,2,0.001,0.062,0.937,1.936,1,0.007,0.130,0.863,1.857,1,0.000,0.01,0.987,1.987,1
S112,1,2,2,63,21,15,27,0.00000036169,0.694,0.304,0.001,0.307,3,0.072,0.174,0.754,1.682,1,0.99,0.011,0,0.01,3,0.281,0.328,0.391,1.111,1,0.844,0.146,0.010,0.167,3,0.038,0.122,0.84,1.801,1,0.97,0.03,0,0.03,3,0.263,0.414,0.323,1.06,2,0.131,0.460,0.409,1.279,2,0.324,0.379,0.297,0.973,2,0.546,0.383,0.071,0.525,3,0.256,0.406,0.337,1.081,2,0.015,0.21,0.774,1.758,1
S113,2,2,1,63,44,18,1,0.03024305556,0.868,0.132,0.000,0.132,3,0.141,0.455,0.405,1.264,2,1.00,0.003,0,0.00,3,0.297,0.332,0.371,1.074,1,0.915,0.083,0.002,0.087,3,0.007,0.151,0.84,1.834,1,1.00,0.00,0,0.00,3,0.695,0.263,0.042,0.35,3,0.234,0.524,0.242,1.008,2,0.792,0.196,0.011,0.219,3,0.932,0.067,0.001,0.069,3,0.762,0.207,0.031,0.269,3,0.679,0.29,0.031,0.351,3
S114,3,1,1,63,32,31,0,0.02680555556,0.291,0.698,0.011,0.720,2,0.011,0.103,0.886,1.875,1,0.95,0.050,0,0.05,3,0.244,0.316,0.440,1.197,1,0.003,0.102,0.895,1.891,1,0.000,0.013,0.99,1.987,1,0.97,0.03,0,0.03,3,0.060,0.278,0.662,1.60,1,0.265,0.479,0.256,0.990,2,0.636,0.341,0.023,0.388,3,0.842,0.152,0.006,0.165,3,0.049,0.243,0.709,1.660,1,0.002,0.08,0.923,1.921,1
S119,1,2,2,63,28,35,0,0.01984953704,0.063,0.853,0.084,1.021,2,0.006,0.090,0.904,1.899,1,0.95,0.048,0,0.05,3,0.214,0.304,0.482,1.268,1,0.006,0.149,0.845,1.839,1,0.000,0.010,0.99,1.990,1,0.97,0.03,0,0.03,3,0.226,0.497,0.277,1.05,2,0.009,0.165,0.827,1.818,1,0.065,0.433,0.503,1.438,1,0.000,0.040,0.960,1.959,1,0.440,0.412,0.148,0.707,3,0.215,0.53,0.255,1.040,2
S120,2,2,1,63,35,28,0,0.03104166667,0.316,0.675,0.009,0.693,2,0.013,0.075,0.912,1.899,1,0.98,0.020,0,0.02,3,0.246,0.317,0.437,1.191,1,0.068,0.373,0.559,1.491,1,0.007,0.099,0.89,1.887,1,0.98,0.02,0,0.02,3,0.112,0.376,0.512,1.40,1,0.499,0.403,0.098,0.599,3,0.067,0.429,0.505,1.438,1,0.603,0.348,0.049,0.446,3,0.134,0.379,0.487,1.353,1,0.027,0.27,0.702,1.675,1
S121,3,1,1,63,40,23,0,0.02342592593,0.790,0.210,0.000,0.211,3,0.058,0.202,0.740,1.682,1,1.00,0.005,0,0.01,3,0.290,0.330,0.380,1.091,1,0.585,0.358,0.057,0.471,3,0.009,0.118,0.87,1.863,1,1.00,0.00,0,0.00,3,0.231,0.415,0.354,1.12,2,0.504,0.410,0.086,0.582,3,0.464,0.458,0.078,0.614,3,0.735,0.243,0.022,0.287,3,0.198,0.394,0.408,1.210,1,0.003,0.11,0.888,1.885,1
S122,1,2,2,63,34,29,0,0.02802083333,0.078,0.850,0.072,0.993,2,0.009,0.081,0.911,1.902,1,0.96,0.043,0,0.05,3,0.217,0.305,0.478,1.260,1,0.545,0.386,0.069,0.525,3,0.000,0.013,0.99,1.987,1,0.97,0.03,0,0.03,3,0.060,0.284,0.656,1.60,1,0.036,0.289,0.675,1.639,1,0.381,0.525,0.095,0.714,2,0.386,0.484,0.131,0.745,2,0.073,0.302,0.625,1.553,1,0.009,0.18,0.806,1.797,1
S123,2,2,1,63,42,20,1,0.03083333333,0.983,0.017,0.000,0.017,3,0.105,0.361,0.535,1.430,1,1.00,0.000,0,0.00,3,0.307,0.336,0.358,1.051,1,0.841,0.153,0.005,0.164,3,0.008,0.138,0.86,1.847,1,1.00,0.00,0,0.00,3,0.585,0.342,0.073,0.49,3,0.396,0.490,0.114,0.719,2,0.563,0.379,0.058,0.495,3,0.900,0.098,0.003,0.103,3,0.618,0.309,0.072,0.454,3,0.543,0.40,0.060,0.517,3
S124,3,1,1,63,33,30,0,0.02880787037,0.054,0.877,0.069,1.016,2,0.008,0.091,0.901,1.892,1,0.99,0.008,0,0.01,3,0.215,0.305,0.480,1.265,1,0.006,0.148,0.846,1.840,1,0.001,0.029,0.97,1.969,1,0.99,0.01,0,0.01,3,0.210,0.487,0.303,1.09,2,0.055,0.342,0.604,1.549,1,0.067,0.432,0.501,1.434,1,0.068,0.411,0.521,1.453,1,0.401,0.421,0.179,0.778,2,0.006,0.16,0.835,1.828,1
S125,1,2,2,63,18,45,0,0.01072916667,0.000,0.006,0.994,1.994,1,0.000,0.005,0.995,1.995,1,0.21,0.653,0,0.93,2,0.098,0.228,0.674,1.576,1,0.000,0.010,0.990,1.990,1,0.008,0.131,0.86,1.852,1,0.10,0.79,0,1.02,2,0.001,0.036,0.963,1.96,1,0.000,0.025,0.975,1.975,1,0.001,0.102,0.896,1.895,1,0.066,0.371,0.562,1.496,1,0.003,0.109,0.888,1.886,1,0.000,0.04,0.964,1.964,1
S126,2,2,1,63,8,55,0,0.01664351852,0.000,0.000,1.000,2.000,1,0.000,0.001,0.999,1.999,1,0.02,0.402,1,1.56,1,0.097,0.227,0.675,1.578,1,0.000,0.010,0.990,1.990,1,0.000,0.001,1.00,1.999,1,0.02,0.67,0,1.30,2,0.000,0.017,0.983,1.98,1,0.000,0.006,0.994,1.994,1,0.001,0.101,0.897,1.896,1,0.011,0.170,0.819,1.808,1,0.000,0.038,0.962,1.961,1,0.000,0.02,0.977,1.977,1
S127,3,1,1,63,34,29,0,0.02849537037,0.052,0.877,0.072,1.020,2,0.040,0.248,0.712,1.671,1,0.96,0.044,0,0.05,3,0.215,0.304,0.481,1.266,1,0.001,0.064,0.935,1.934,1,0.000,0.027,0.97,1.972,1,0.99,0.01,0,0.01,3,0.230,0.393,0.376,1.15,2,0.152,0.443,0.405,1.254,2,0.851,0.145,0.004,0.153,3,0.872,0.124,0.004,0.132,3,0.306,0.398,0.296,0.989,2,0.000,0.04,0.955,1.955,1
S128,1,2,2,63,27,36,0,0.02828703704,0.019,0.718,0.263,1.245,2,0.000,0.008,0.992,1.992,1,0.90,0.100,0,0.11,3,0.189,0.288,0.523,1.335,1,0.456,0.411,0.133,0.677,3,0.000,0.007,0.99,1.993,1,0.65,0.34,0,0.36,3,0.011,0.167,0.823,1.81,1,0.010,0.161,0.828,1.818,1,0.008,0.229,0.762,1.754,1,0.314,0.496,0.190,0.876,2,0.017,0.193,0.790,1.773,1,0.004,0.12,0.876,1.873,1
S129,2,2,1,63,47,15,1,0.02905092593,0.998,0.002,0.000,0.002,3,0.081,0.321,0.597,1.516,1,1.00,0.000,0,0.00,3,0.308,0.336,0.356,1.048,1,0.936,0.063,0.001,0.065,3,0.005,0.105,0.89,1.885,1,1.00,0.00,0,0.00,3,0.491,0.393,0.116,0.63,3,0.439,0.465,0.096,0.657,2,0.531,0.405,0.064,0.533,3,0.660,0.306,0.035,0.375,3,0.500,0.373,0.127,0.627,3,0.897,0.10,0.002,0.105,3
S130,3,1,1,63,30,33,0,0.02537037037,0.078,0.751,0.171,1.092,2,0.000,0.015,0.985,1.984,1,0.75,0.224,0,0.28,3,0.205,0.297,0.498,1.292,1,0.105,0.429,0.466,1.361,1,0.000,0.006,0.99,1.994,1,0.95,0.05,0,0.05,3,0.013,0.179,0.808,1.80,1,0.176,0.438,0.385,1.209,2,0.041,0.424,0.535,1.494,1,0.802,0.188,0.010,0.209,3,0.016,0.179,0.805,1.788,1,0.025,0.27,0.706,1.681,1
S131,1,2,2,63,37,26,0,0.02811342593,0.892,0.108,0.000,0.108,3,0.034,0.212,0.755,1.721,1,1.00,0.003,0,0.00,3,0.299,0.333,0.368,1.069,1,0.814,0.176,0.009,0.195,3,0.001,0.032,0.97,1.967,1,0.99,0.01,0,0.01,3,0.268,0.446,0.287,1.02,2,0.500,0.421,0.079,0.579,3,0.453,0.467,0.080,0.626,2,0.130,0.459,0.410,1.280,2,0.252,0.419,0.329,1.076,2,0.500,0.42,0.081,0.581,3
S132,2,2,1,63,24,39,0,0.02533564815,0.000,0.112,0.888,1.888,1,0.001,0.015,0.985,1.984,1,0.28,0.599,0,0.84,2,0.111,0.236,0.653,1.542,1,0.000,0.015,0.985,1.984,1,0.000,0.008,0.99,1.992,1,0.92,0.08,0,0.08,3,0.017,0.143,0.839,1.82,1,0.004,0.076,0.920,1.917,1,0.041,0.423,0.535,1.494,1,0.113,0.445,0.441,1.328,2,0.052,0.341,0.608,1.556,1,0.001,0.06,0.934,1.933,1
S133,3,1,1,63,37,26,0,0.02951388889,0.004,0.455,0.541,1.537,1,0.068,0.139,0.793,1.725,1,0.82,0.180,0,0.19,3,0.154,0.265,0.582,1.428,1,0.050,0.304,0.647,1.597,1,0.209,0.375,0.42,1.208,1,0.96,0.04,0,0.04,3,0.046,0.183,0.771,1.73,1,0.071,0.295,0.634,1.563,1,0.247,0.522,0.231,0.983,2,0.756,0.227,0.017,0.261,3,0.033,0.193,0.774,1.740,1,0.008,0.17,0.824,1.816,1
S134,1,2,2,63,29,34,0,0.02781250000,0.005,0.411,0.584,1.579,1,0.001,0.026,0.973,1.972,1,0.47,0.445,0,0.61,3,0.148,0.261,0.590,1.442,1,0.000,0.031,0.968,1.968,1,0.018,0.185,0.80,1.778,1,0.98,0.02,0,0.02,3,0.028,0.202,0.769,1.74,1,0.053,0.272,0.675,1.622,1,0.002,0.108,0.890,1.887,1,0.066,0.384,0.550,1.485,1,0.060,0.329,0.611,1.551,1,0.287,0.49,0.222,0.934,2
S135,2,2,1,63,39,24,0,0.02355324074,0.878,0.122,0.000,0.122,3,0.091,0.469,0.441,1.350,2,1.00,0.003,0,0.00,3,0.297,0.333,0.370,1.072,1,0.619,0.337,0.043,0.424,3,0.000,0.032,0.97,1.968,1,1.00,0.00,0,0.00,3,0.630,0.303,0.067,0.44,3,0.648,0.320,0.032,0.384,3,0.895,0.103,0.002,0.107,3,0.025,0.265,0.710,1.686,1,0.674,0.269,0.056,0.382,3,0.255,0.52,0.230,0.975,2
S136,3,1,1,63,43,18,2,0.00000036169,0.896,0.104,0.000,0.104,3,0.067,0.247,0.686,1.619,1,1.00,0.001,0,0.00,3,0.299,0.333,0.368,1.069,1,0.920,0.079,0.002,0.082,3,0.011,0.132,0.86,1.847,1,1.00,0.00,0,0.00,3,0.458,0.405,0.137,0.68,3,0.177,0.504,0.320,1.143,2,0.292,0.504,0.205,0.913,2,0.934,0.065,0.001,0.067,3,0.501,0.366,0.132,0.631,3,0.032,0.29,0.676,1.644,1
S140,1,2,2,63,15,17,31,0.00000036169,0.009,0.544,0.447,1.438,2,0.046,0.104,0.851,1.805,1,0.84,0.152,0,0.17,3,0.165,0.273,0.562,1.397,1,0.035,0.190,0.774,1.739,1,0.035,0.102,0.86,1.827,1,0.73,0.26,0,0.29,3,0.122,0.300,0.577,1.46,1,0.242,0.410,0.348,1.105,2,0.269,0.401,0.331,1.062,2,0.120,0.405,0.476,1.356,1,0.191,0.404,0.405,1.214,1,0.010,0.16,0.835,1.825,1
S141,2,2,1,63,41,21,1,0.02711805556,0.983,0.017,0.000,0.017,3,0.117,0.384,0.499,1.382,1,1.00,0.001,0,0.00,3,0.307,0.336,0.358,1.051,1,0.660,0.313,0.027,0.367,3,0.008,0.145,0.85,1.839,1,1.00,0.00,0,0.00,3,0.469,0.382,0.149,0.68,3,0.165,0.507,0.328,1.163,2,0.887,0.110,0.003,0.116,3,0.587,0.359,0.055,0.468,3,0.428,0.388,0.184,0.756,3,0.773,0.22,0.013,0.240,3
S142,3,1,1,63,25,38,0,0.02872685185,0.001,0.225,0.774,1.773,1,0.001,0.014,0.985,1.985,1,0.55,0.419,0,0.48,3,0.125,0.246,0.629,1.504,1,0.028,0.226,0.746,1.718,1,0.000,0.008,0.99,1.992,1,0.45,0.53,0,0.57,2,0.005,0.079,0.916,1.91,1,0.003,0.072,0.925,1.922,1,0.141,0.579,0.280,1.139,2,0.091,0.411,0.499,1.408,1,0.008,0.144,0.847,1.839,1,0.000,0.02,0.981,1.981,1
S143,1,2,2,63,34,27,2,0.00000036169,0.926,0.074,0.000,0.074,3,0.000,0.023,0.976,1.976,1,1.00,0.002,0,0.00,3,0.302,0.334,0.364,1.063,1,0.824,0.168,0.008,0.184,3,0.000,0.015,0.99,1.985,1,1.00,0.00,0,0.00,3,0.089,0.449,0.462,1.37,1,0.251,0.527,0.223,0.972,2,0.002,0.107,0.891,1.889,1,0.090,0.421,0.489,1.398,1,0.085,0.366,0.550,1.465,1,0.564,0.38,0.058,0.494,3
S144,2,2,1,63,41,7,15,0.00000036169,0.995,0.005,0.000,0.005,3,0.644,0.299,0.057,0.413,3,1.00,0.000,0,0.00,3,0.308,0.336,0.356,1.048,1,0.845,0.150,0.005,0.160,3,0.580,0.309,0.11,0.532,3,1.00,0.00,0,0.00,3,0.878,0.116,0.007,0.13,3,0.677,0.300,0.023,0.346,3,0.975,0.025,0.000,0.026,3,0.974,0.026,0.000,0.026,3,0.811,0.177,0.012,0.202,3,0.452,0.46,0.092,0.640,2
S145,3,1,1,63,19,44,0,0.02452546296,0.000,0.051,0.948,1.948,1,0.001,0.014,0.985,1.984,1,0.46,0.500,0,0.58,2,0.104,0.231,0.665,1.561,1,0.000,0.031,0.969,1.968,1,0.000,0.019,0.98,1.981,1,0.02,0.64,0,1.32,2,0.005,0.068,0.927,1.92,1,0.000,0.010,0.990,1.990,1,0.142,0.578,0.280,1.139,2,0.001,0.047,0.952,1.951,1,0.011,0.183,0.806,1.794,1,0.000,0.03,0.974,1.973,1
S146,1,2,2,63,20,23,20,0.00000036169,0.043,0.736,0.221,1.178,2,0.003,0.034,0.963,1.959,1,0.71,0.255,0,0.32,3,0.196,0.292,0.512,1.316,1,0.245,0.479,0.275,1.030,2,0.000,0.014,0.99,1.985,1,0.94,0.06,0,0.06,3,0.022,0.193,0.785,1.76,1,0.306,0.439,0.255,0.949,2,0.201,0.429,0.370,1.169,2,0.095,0.433,0.473,1.378,1,0.027,0.214,0.759,1.731,1,0.003,0.10,0.900,1.897,1
S147,2,2,1,63,38,24,1,0.02862268519,0.957,0.043,0.000,0.043,3,0.070,0.357,0.574,1.504,1,0.99,0.013,0,0.02,3,0.305,0.335,0.361,1.056,1,0.834,0.160,0.006,0.173,3,0.001,0.048,0.95,1.951,1,1.00,0.00,0,0.00,3,0.461,0.395,0.145,0.68,3,0.434,0.465,0.101,0.668,2,0.735,0.249,0.016,0.281,3,0.846,0.148,0.007,0.161,3,0.455,0.384,0.162,0.707,3,0.407,0.48,0.119,0.712,2
S148,3,1,1,63,40,23,0,0.02197916667,0.774,0.226,0.001,0.227,3,0.228,0.428,0.344,1.117,2,1.00,0.002,0,0.00,3,0.288,0.330,0.382,1.094,1,0.579,0.362,0.059,0.480,3,0.661,0.271,0.07,0.407,3,0.99,0.01,0,0.01,3,0.517,0.338,0.145,0.63,3,0.091,0.430,0.479,1.388,1,0.198,0.374,0.429,1.231,1,0.914,0.084,0.002,0.088,3,0.451,0.378,0.171,0.720,3,0.008,0.17,0.821,1.814,1
S149,1,2,2,63,42,20,1,0.02216435185,0.743,0.257,0.001,0.258,3,0.259,0.422,0.319,1.059,2,0.99,0.007,0,0.01,3,0.285,0.329,0.386,1.100,1,0.769,0.214,0.016,0.247,3,0.067,0.356,0.58,1.509,1,1.00,0.00,0,0.00,3,0.640,0.277,0.083,0.44,3,0.404,0.463,0.133,0.730,2,0.920,0.078,0.002,0.082,3,0.607,0.341,0.052,0.444,3,0.641,0.284,0.076,0.435,3,0.007,0.16,0.830,1.823,1
S150,2,2,1,63,32,31,0,0.03062500000,0.065,0.823,0.112,1.046,2,0.019,0.160,0.821,1.802,1,0.94,0.055,0,0.06,3,0.211,0.302,0.487,1.276,1,0.106,0.449,0.445,1.339,2,0.000,0.008,0.99,1.992,1,0.98,0.02,0,0.02,3,0.184,0.402,0.414,1.23,1,0.095,0.390,0.515,1.420,1,0.422,0.492,0.086,0.665,2,0.331,0.499,0.169,0.838,2,0.278,0.415,0.307,1.029,2,0.004,0.12,0.875,1.871,1
S151,3,1,1,63,29,34,0,0.02196759259,0.217,0.755,0.028,0.812,2,0.001,0.019,0.981,1.980,1,0.97,0.028,0,0.03,3,0.235,0.312,0.453,1.218,1,0.358,0.485,0.158,0.800,2,0.001,0.036,0.96,1.963,1,0.49,0.46,0,0.57,3,0.030,0.271,0.698,1.67,1,0.239,0.485,0.276,1.037,2,0.010,0.232,0.758,1.748,1,0.408,0.459,0.133,0.726,2,0.037,0.260,0.703,1.666,1,0.003,0.11,0.889,1.886,1
S152,1,2,2,63,31,21,11,0.00000036169,0.749,0.250,0.001,0.252,3,0.001,0.036,0.962,1.961,1,1.00,0.003,0,0.00,3,0.286,0.329,0.385,1.099,1,0.570,0.367,0.063,0.494,3,0.005,0.052,0.94,1.938,1,1.00,0.00,0,0.00,3,0.118,0.446,0.436,1.32,2,0.302,0.496,0.202,0.900,2,0.003,0.110,0.887,1.884,1,0.635,0.322,0.043,0.408,3,0.127,0.399,0.474,1.347,1,0.096,0.43,0.469,1.373,1
S153,2,2,1,63,22,41,0,0.01916666667,0.000,0.003,0.997,1.997,1,0.001,0.019,0.980,1.978,1,0.21,0.655,0,0.93,2,0.098,0.227,0.675,1.577,1,0.001,0.064,0.935,1.933,1,0.002,0.050,0.95,1.946,1,0.03,0.66,0,1.29,2,0.001,0.028,0.972,1.97,1,0.000,0.011,0.989,1.989,1,0.349,0.549,0.101,0.752,2,0.551,0.378,0.071,0.520,3,0.001,0.061,0.938,1.937,1,0.000,0.04,0.956,1.955,1
S154,3,1,1,63,51,12,0,0.03116898148,0.983,0.017,0.000,0.017,3,0.581,0.323,0.096,0.515,3,1.00,0.000,0,0.00,3,0.307,0.336,0.358,1.051,1,0.841,0.154,0.005,0.164,3,0.583,0.339,0.08,0.496,3,1.00,0.00,0,0.00,3,0.760,0.211,0.029,0.27,3,0.447,0.461,0.091,0.644,2,0.849,0.138,0.013,0.163,3,0.964,0.035,0.000,0.036,3,0.617,0.322,0.060,0.443,3,0.848,0.15,0.005,0.157,3
S155,1,2,2,63,28,31,4,0.00000036169,0.022,0.771,0.207,1.185,2,0.004,0.039,0.957,1.953,1,0.91,0.084,0,0.09,3,0.196,0.293,0.512,1.316,1,0.021,0.255,0.723,1.702,1,0.002,0.041,0.96,1.955,1,0.96,0.04,0,0.04,3,0.053,0.297,0.650,1.60,1,0.032,0.274,0.694,1.661,1,0.050,0.426,0.524,1.474,1,0.014,0.219,0.767,1.753,1,0.091,0.354,0.555,1.464,1,0.004,0.12,0.872,1.869,1
S156,2,2,1,63,40,22,1,0.02670138889,0.148,0.811,0.041,0.892,2,0.071,0.257,0.672,1.601,1,0.99,0.010,0,0.01,3,0.227,0.310,0.463,1.236,1,0.577,0.367,0.056,0.479,3,0.007,0.116,0.88,1.870,1,0.99,0.01,0,0.01,3,0.241,0.378,0.381,1.14,1,0.028,0.263,0.709,1.681,1,0.858,0.138,0.003,0.145,3,0.256,0.516,0.228,0.971,2,0.276,0.393,0.331,1.055,2,0.498,0.43,0.074,0.577,3
S157,1,2,2,63,19,44,0,0.02010416667,0.000,0.017,0.983,1.983,1,0.000,0.005,0.995,1.995,1,0.44,0.516,0,0.60,2,0.099,0.229,0.672,1.573,1,0.000,0.011,0.989,1.989,1,0.001,0.038,0.96,1.960,1,0.25,0.72,0,0.77,2,0.003,0.064,0.933,1.93,1,0.001,0.042,0.957,1.956,1,0.008,0.228,0.764,1.755,1,0.001,0.067,0.932,1.930,1,0.011,0.199,0.790,1.779,1,0.000,0.03,0.970,1.970,1
S158,2,2,1,63,37,25,1,0.02870370370,0.605,0.393,0.002,0.396,3,0.393,0.375,0.232,0.839,3,0.99,0.007,0,0.01,3,0.273,0.325,0.402,1.129,1,0.006,0.149,0.845,1.839,1,0.230,0.450,0.32,1.091,2,0.95,0.05,0,0.05,3,0.666,0.259,0.075,0.41,3,0.132,0.457,0.411,1.279,2,0.867,0.127,0.007,0.140,3,0.818,0.173,0.009,0.192,3,0.649,0.280,0.071,0.422,3,0.086,0.42,0.491,1.405,1
S159,3,1,1,63,25,38,0,0.02900462963,0.001,0.197,0.802,1.802,1,0.002,0.020,0.977,1.975,1,0.33,0.556,0,0.78,2,0.121,0.243,0.635,1.514,1,0.000,0.020,0.980,1.980,1,0.007,0.112,0.88,1.873,1,0.46,0.53,0,0.56,2,0.009,0.098,0.893,1.88,1,0.002,0.062,0.936,1.934,1,0.044,0.424,0.532,1.488,1,0.504,0.403,0.093,0.588,3,0.016,0.199,0.785,1.769,1,0.000,0.03,0.967,1.967,1
S160,1,2,2,63,33,29,1,0.00000036169,0.009,0.572,0.418,1.409,2,0.005,0.054,0.941,1.936,1,0.73,0.255,0,0.29,3,0.169,0.275,0.556,1.387,1,0.395,0.421,0.183,0.788,2,0.000,0.016,0.98,1.983,1,0.88,0.12,0,0.12,3,0.017,0.147,0.836,1.82,1,0.141,0.381,0.478,1.337,1,0.618,0.357,0.025,0.406,3,0.541,0.389,0.070,0.529,3,0.019,0.172,0.809,1.790,1,0.013,0.21,0.773,1.759,1
S161,2,2,1,63,27,36,0,0.01505787037,0.001,0.292,0.707,1.705,1,0.000,0.011,0.989,1.988,1,0.77,0.227,0,0.24,3,0.133,0.251,0.616,1.482,1,0.034,0.248,0.717,1.683,1,0.000,0.019,0.98,1.981,1,0.37,0.60,0,0.66,2,0.001,0.050,0.949,1.95,1,0.005,0.097,0.898,1.893,1,0.140,0.579,0.281,1.141,2,0.200,0.487,0.314,1.114,2,0.001,0.054,0.944,1.943,1,0.001,0.05,0.954,1.954,1
S162,3,1,1,63,8,55,0,0.01318287037,0.000,0.000,1.000,2.000,1,0.000,0.004,0.996,1.996,1,0.02,0.402,1,1.56,1,0.097,0.227,0.675,1.578,1,0.000,0.010,0.990,1.990,1,0.000,0.017,0.98,1.983,1,0.00,0.07,1,1.93,1,0.002,0.050,0.948,1.95,1,0.000,0.026,0.973,1.973,1,0.008,0.228,0.764,1.756,1,0.001,0.048,0.952,1.951,1,0.007,0.164,0.829,1.823,1,0.001,0.07,0.927,1.926,1
S163,1,2,2,63,18,45,0,0.01260416667,0.002,0.176,0.822,1.820,1,0.001,0.013,0.987,1.986,1,0.09,0.415,1,1.42,1,0.119,0.242,0.639,1.520,1,0.000,0.019,0.981,1.981,1,0.000,0.018,0.98,1.982,1,0.09,0.73,0,1.09,2,0.011,0.117,0.872,1.86,1,0.000,0.017,0.983,1.983,1,0.041,0.423,0.536,1.495,1,0.022,0.233,0.745,1.723,1,0.027,0.254,0.719,1.692,1,0.001,0.05,0.945,1.945,1
S164,2,2,1,63,22,41,0,0.02240740741,0.001,0.171,0.828,1.826,1,0.001,0.016,0.983,1.981,1,0.17,0.549,0,1.10,2,0.118,0.241,0.640,1.522,1,0.000,0.018,0.981,1.981,1,0.001,0.040,0.96,1.958,1,0.33,0.64,0,0.71,2,0.013,0.127,0.859,1.85,1,0.012,0.137,0.851,1.839,1,0.042,0.423,0.534,1.492,1,0.097,0.417,0.487,1.390,1,0.033,0.283,0.683,1.650,1,0.001,0.07,0.928,1.926,1
S165,3,1,1,63,17,46,0,0.02055555556,0.000,0.003,0.997,1.997,1,0.001,0.021,0.977,1.976,1,0.02,0.402,1,1.56,1,0.098,0.227,0.675,1.577,1,0.000,0.010,0.990,1.990,1,0.000,0.015,0.99,1.985,1,0.03,0.70,0,1.24,2,0.005,0.064,0.931,1.93,1,0.000,0.021,0.979,1.978,1,0.350,0.549,0.101,0.751,2,0.047,0.317,0.636,1.589,1,0.012,0.188,0.800,1.788,1,0.002,0.08,0.914,1.912,1
S166,1,2,2,63,14,49,0,0.01850694444,0.000,0.001,0.999,1.999,1,0.000,0.003,0.997,1.997,1,0.02,0.402,1,1.56,1,0.097,0.227,0.675,1.578,1,0.000,0.010,0.990,1.990,1,0.000,0.003,1.00,1.997,1,0.33,0.65,0,0.70,2,0.001,0.040,0.959,1.96,1,0.000,0.017,0.983,1.983,1,0.008,0.227,0.765,1.757,1,0.147,0.456,0.397,1.250,2,0.004,0.128,0.868,1.864,1,0.000,0.01,0.987,1.987,1
S167,2,2,1,63,18,45,0,0.02328703704,0.000,0.047,0.953,1.953,1,0.000,0.005,0.995,1.995,1,0.24,0.632,0,0.89,2,0.103,0.231,0.666,1.563,1,0.000,0.012,0.988,1.988,1,0.000,0.003,1.00,1.997,1,0.17,0.76,0,0.90,2,0.001,0.040,0.959,1.96,1,0.002,0.061,0.937,1.934,1,0.038,0.422,0.539,1.501,1,0.028,0.270,0.701,1.673,1,0.003,0.104,0.893,1.890,1,0.013,0.21,0.776,1.763,1
S168,3,1,1,63,10,53,0,0.01968750000,0.000,0.001,0.999,1.999,1,0.000,0.002,0.998,1.998,1,0.02,0.402,1,1.56,1,0.097,0.227,0.675,1.578,1,0.000,0.010,0.990,1.990,1,0.000,0.015,0.99,1.985,1,0.00,0.22,1,1.78,1,0.001,0.046,0.952,1.95,1,0.002,0.053,0.945,1.944,1,0.001,0.102,0.897,1.896,1,0.001,0.071,0.927,1.926,1,0.006,0.152,0.843,1.837,1,0.006,0.16,0.832,1.826,1
S169,1,2,2,63,19,44,0,0.01583333333,0.000,0.022,0.978,1.978,1,0.000,0.005,0.995,1.994,1,0.45,0.514,0,0.60,2,0.100,0.229,0.671,1.571,1,0.000,0.011,0.989,1.989,1,0.000,0.008,0.99,1.992,1,0.22,0.73,0,0.83,2,0.002,0.047,0.951,1.95,1,0.000,0.010,0.990,1.990,1,0.039,0.422,0.539,1.500,1,0.093,0.416,0.490,1.397,1,0.005,0.140,0.854,1.849,1,0.000,0.04,0.958,1.957,1
S170,2,2,1,63,21,42,0,0.02334490741,0.000,0.061,0.939,1.938,1,0.000,0.006,0.994,1.994,1,0.11,0.582,0,1.20,2,0.105,0.232,0.663,1.558,1,0.000,0.013,0.987,1.987,1,0.005,0.104,0.89,1.885,1,0.47,0.51,0,0.54,2,0.003,0.064,0.933,1.93,1,0.000,0.025,0.975,1.974,1,0.001,0.103,0.896,1.895,1,0.199,0.473,0.328,1.129,2,0.009,0.174,0.817,1.807,1,0.000,0.02,0.976,1.975,1
S171,3,1,1,63,20,43,0,0.01965277778,0.002,0.307,0.691,1.690,1,0.000,0.011,0.989,1.988,1,0.59,0.381,0,0.44,3,0.135,0.252,0.612,1.477,1,0.000,0.025,0.974,1.974,1,0.000,0.020,0.98,1.980,1,0.12,0.72,0,1.04,2,0.007,0.104,0.889,1.88,1,0.015,0.152,0.833,1.818,1,0.040,0.423,0.537,1.496,1,0.002,0.079,0.918,1.916,1,0.013,0.181,0.806,1.793,1,0.000,0.03,0.967,1.966,1
S177,1,2,2,63,9,54,0,0.02214120370,0.000,0.000,1.000,2.000,1,0.000,0.003,0.997,1.997,1,0.07,0.600,0,1.26,2,0.097,0.227,0.675,1.578,1,0.000,0.010,0.990,1.990,1,0.000,0.002,1.00,1.997,1,0.00,0.38,1,1.61,1,0.001,0.044,0.955,1.95,1,0.001,0.046,0.952,1.951,1,0.008,0.227,0.765,1.757,1,0.008,0.153,0.839,1.831,1,0.005,0.144,0.851,1.846,1,0.001,0.06,0.941,1.940,1
S178,2,2,1,63,21,42,0,0.02736111111,0.010,0.399,0.591,1.580,1,0.000,0.008,0.992,1.992,1,0.32,0.477,0,0.89,2,0.148,0.261,0.591,1.443,1,0.000,0.032,0.968,1.968,1,0.000,0.019,0.98,1.981,1,0.44,0.54,0,0.58,2,0.010,0.136,0.854,1.84,1,0.014,0.162,0.824,1.810,1,0.009,0.229,0.762,1.754,1,0.028,0.270,0.702,1.674,1,0.020,0.219,0.761,1.741,1,0.023,0.26,0.716,1.693,1
S179,3,1,1,63,23,39,1,0.00000036169,0.047,0.713,0.241,1.194,2,0.000,0.004,0.996,1.996,1,0.70,0.264,0,0.34,3,0.194,0.290,0.516,1.322,1,0.024,0.254,0.722,1.698,1,0.000,0.007,0.99,1.993,1,0.75,0.25,0,0.26,3,0.004,0.115,0.881,1.88,1,0.016,0.192,0.792,1.777,1,0.001,0.102,0.897,1.895,1,0.195,0.499,0.306,1.111,2,0.004,0.097,0.898,1.894,1,0.003,0.11,0.891,1.888,1
S180,1,2,2,63,22,41,0,0.02553240741,0.000,0.023,0.977,1.977,1,0.001,0.021,0.978,1.977,1,0.09,0.593,0,1.24,2,0.100,0.229,0.671,1.571,1,0.000,0.011,0.989,1.989,1,0.000,0.010,0.99,1.989,1,0.50,0.50,0,0.51,3,0.005,0.065,0.930,1.93,1,0.000,0.020,0.980,1.980,1,0.350,0.549,0.101,0.751,2,0.310,0.475,0.215,0.905,2,0.011,0.181,0.808,1.797,1,0.000,0.02,0.976,1.976,1
S181,2,2,1,63,8,55,0,0.01835648148,0.000,0.000,1.000,2.000,1,0.000,0.009,0.991,1.991,1,0.02,0.402,1,1.56,1,0.097,0.227,0.675,1.578,1,0.000,0.010,0.990,1.990,1,0.000,0.008,0.99,1.992,1,0.00,0.15,1,1.85,1,0.001,0.036,0.963,1.96,1,0.000,0.016,0.984,1.984,1,0.139,0.580,0.282,1.143,2,0.004,0.116,0.880,1.876,1,0.003,0.108,0.889,1.886,1,0.000,0.04,0.965,1.965,1
S182,3,1,1,63,29,34,0,0.02119212963,0.001,0.262,0.737,1.736,1,0.027,0.086,0.887,1.859,1,0.57,0.403,0,0.46,3,0.129,0.249,0.622,1.493,1,0.000,0.023,0.977,1.977,1,0.015,0.127,0.86,1.844,1,0.74,0.26,0,0.26,3,0.056,0.182,0.762,1.71,1,0.004,0.082,0.914,1.910,1,0.395,0.513,0.092,0.698,2,0.415,0.451,0.134,0.719,2,0.080,0.318,0.603,1.523,1,0.008,0.17,0.825,1.816,1
S183,1,2,2,63,20,43,0,0.01491898148,0.000,0.003,0.997,1.997,1,0.053,0.111,0.837,1.784,1,0.02,0.402,1,1.56,1,0.098,0.227,0.675,1.577,1,0.000,0.010,0.990,1.990,1,0.132,0.334,0.53,1.401,1,0.01,0.55,0,1.43,2,0.049,0.157,0.794,1.74,1,0.049,0.245,0.706,1.658,1,0.223,0.535,0.242,1.018,2,0.118,0.421,0.461,1.343,1,0.074,0.315,0.611,1.537,1,0.002,0.09,0.913,1.911,1
S184,2,2,1,63,10,53,0,0.01469907407,0.000,0.001,0.999,1.999,1,0.000,0.006,0.994,1.994,1,0.02,0.402,1,1.56,1,0.097,0.227,0.675,1.578,1,0.000,0.010,0.990,1.990,1,0.000,0.003,1.00,1.997,1,0.01,0.60,0,1.39,2,0.007,0.105,0.887,1.88,1,0.000,0.014,0.986,1.986,1,0.008,0.228,0.763,1.755,1,0.000,0.017,0.982,1.982,1,0.035,0.322,0.644,1.609,1,0.000,0.02,0.976,1.976,1
S186,1,2,2,63,18,45,0,0.02107638889,0.000,0.106,0.893,1.893,1,0.000,0.004,0.996,1.996,1,0.28,0.602,0,0.85,2,0.110,0.236,0.654,1.544,1,0.000,0.015,0.985,1.985,1,0.000,0.003,1.00,1.997,1,0.04,0.62,0,1.31,2,0.000,0.027,0.972,1.97,1,0.000,0.026,0.974,1.973,1,0.038,0.422,0.540,1.502,1,0.462,0.425,0.113,0.651,3,0.000,0.041,0.958,1.958,1,0.002,0.07,0.924,1.923,1
S187,2,2,1,63,13,50,0,0.01133101852,0.000,0.002,0.998,1.998,1,0.000,0.015,0.985,1.985,1,0.02,0.402,1,1.56,1,0.098,0.227,0.675,1.578,1,0.000,0.010,0.990,1.990,1,0.000,0.012,0.99,1.988,1,0.02,0.64,0,1.32,2,0.031,0.235,0.733,1.70,1,0.042,0.232,0.725,1.683,1,0.009,0.231,0.760,1.750,1,0.002,0.069,0.930,1.928,1,0.158,0.497,0.345,1.187,2,0.000,0.04,0.958,1.958,1
S188,3,1,1,63,11,52,0,0.02332175926,0.000,0.001,0.999,1.999,1,0.000,0.003,0.997,1.997,1,0.21,0.656,0,0.93,2,0.097,0.227,0.675,1.578,1,0.000,0.010,0.990,1.990,1,0.000,0.019,0.98,1.981,1,0.00,0.38,1,1.62,1,0.002,0.059,0.939,1.94,1,0.000,0.010,0.990,1.990,1,0.001,0.102,0.897,1.896,1,0.001,0.059,0.940,1.939,1,0.010,0.195,0.794,1.784,1,0.000,0.03,0.970,1.970,1
S189,1,2,2,63,14,47,0,0.01400462963,0.000,0.000,1.000,2.000,1,0.007,0.054,0.939,1.932,1,0.02,0.402,1,1.56,1,0.097,0.227,0.675,1.578,1,0.000,0.010,0.990,1.990,1,0.001,0.033,0.97,1.964,1,0.03,0.70,0,1.25,2,0.053,0.255,0.692,1.64,1,0.007,0.105,0.888,1.881,1,0.163,0.568,0.269,1.105,2,0.022,0.230,0.748,1.726,1,0.192,0.495,0.312,1.120,2,0.000,0.04,0.961,1.961,1
S194,1,2,2,63,4,59,0,0.03084490741,0.000,0.000,1.000,2.000,1,0.000,0.002,0.998,1.998,1,0.02,0.402,1,1.56,1,0.097,0.227,0.675,1.578,1,0.000,0.010,0.990,1.990,1,0.000,0.007,0.99,1.993,1,0.00,0.03,1,1.97,1,0.000,0.027,0.972,1.97,1,0.000,0.016,0.984,1.983,1,0.001,0.101,0.897,1.896,1,0.001,0.049,0.950,1.949,1,0.001,0.080,0.918,1.917,1,0.001,0.07,0.925,1.924,1
S195,2,2,1,63,10,53,0,0.01781250000,0.000,0.001,0.999,1.999,1,0.000,0.002,0.998,1.998,1,0.07,0.599,0,1.26,2,0.097,0.227,0.675,1.578,1,0.000,0.010,0.990,1.990,1,0.000,0.017,0.98,1.983,1,0.00,0.13,1,1.87,1,0.001,0.049,0.950,1.95,1,0.000,0.025,0.975,1.974,1,0.001,0.102,0.897,1.896,1,0.004,0.118,0.878,1.875,1,0.006,0.160,0.833,1.827,1,0.001,0.07,0.930,1.929,1
S196,3,1,1,63,23,40,0,0.03004629630,0.008,0.414,0.578,1.570,1,0.001,0.023,0.976,1.975,1,0.18,0.430,0,1.21,2,0.149,0.262,0.589,1.439,1,0.000,0.032,0.968,1.967,1,0.000,0.015,0.99,1.985,1,0.77,0.23,0,0.23,3,0.031,0.213,0.756,1.73,1,0.230,0.395,0.376,1.146,2,0.044,0.424,0.532,1.488,1,0.042,0.315,0.643,1.601,1,0.069,0.347,0.584,1.515,1,0.001,0.06,0.936,1.935,1
S197,1,2,2,63,11,52,0,0.02336805556,0.000,0.000,1.000,2.000,1,0.000,0.002,0.998,1.998,1,0.02,0.402,1,1.56,1,0.097,0.227,0.675,1.578,1,0.000,0.010,0.990,1.990,1,0.000,0.003,1.00,1.997,1,0.23,0.74,0,0.81,2,0.002,0.061,0.937,1.94,1,0.000,0.018,0.981,1.981,1,0.001,0.102,0.897,1.896,1,0.000,0.041,0.959,1.958,1,0.010,0.201,0.788,1.778,1,0.001,0.08,0.920,1.919,1
S198,2,2,1,63,12,51,0,0.02130787037,0.000,0.000,1.000,2.000,1,0.000,0.005,0.995,1.995,1,0.02,0.402,1,1.56,1,0.097,0.227,0.675,1.578,1,0.000,0.010,0.990,1.990,1,0.000,0.017,0.98,1.983,1,0.02,0.66,0,1.30,2,0.004,0.075,0.921,1.92,1,0.002,0.054,0.944,1.942,1,0.008,0.228,0.764,1.756,1,0.026,0.248,0.726,1.701,1,0.017,0.242,0.741,1.724,1,0.000,0.05,0.955,1.954,1
S199,3,1,1,63,17,46,0,0.02555555556,0.000,0.002,0.998,1.998,1,0.000,0.003,0.997,1.997,1,0.07,0.599,0,1.26,2,0.098,0.227,0.675,1.577,1,0.000,0.010,0.990,1.990,1,0.000,0.017,0.98,1.983,1,0.23,0.73,0,0.82,2,0.001,0.041,0.958,1.96,1,0.004,0.088,0.907,1.903,1,0.008,0.228,0.764,1.757,1,0.179,0.476,0.345,1.167,2,0.004,0.131,0.865,1.860,1,0.000,0.01,0.986,1.985,1
S200,1,2,2,63,27,36,0,0.02028935185,0.007,0.447,0.546,1.540,1,0.012,0.060,0.928,1.917,1,0.50,0.425,0,0.58,3,0.153,0.264,0.582,1.429,1,0.000,0.033,0.966,1.966,1,0.004,0.065,0.93,1.928,1,0.57,0.42,0,0.45,3,0.031,0.170,0.799,1.77,1,0.036,0.241,0.723,1.687,1,0.374,0.530,0.096,0.723,2,0.162,0.472,0.365,1.203,2,0.041,0.247,0.712,1.671,1,0.000,0.05,0.955,1.954,1
S201,2,2,1,63,18,45,0,0.01930555556,0.000,0.064,0.936,1.936,1,0.000,0.002,0.998,1.998,1,0.86,0.139,0,0.14,3,0.105,0.232,0.662,1.557,1,0.000,0.013,0.987,1.987,1,0.000,0.007,0.99,1.993,1,0.16,0.78,0,0.91,2,0.002,0.055,0.943,1.94,1,0.000,0.016,0.984,1.984,1,0.001,0.102,0.897,1.896,1,0.005,0.124,0.871,1.866,1,0.006,0.151,0.843,1.836,1,0.000,0.02,0.981,1.981,1
S202,3,1,1,63,25,38,0,0.02444444444,0.001,0.311,0.689,1.688,1,0.000,0.014,0.985,1.985,1,0.89,0.105,0,0.11,3,0.135,0.253,0.612,1.477,1,0.000,0.025,0.974,1.974,1,0.000,0.004,1.00,1.996,1,0.60,0.40,0,0.41,3,0.001,0.041,0.958,1.96,1,0.040,0.240,0.720,1.680,1,0.347,0.552,0.102,0.755,2,0.040,0.311,0.649,1.609,1,0.000,0.028,0.971,1.971,1,0.000,0.02,0.981,1.981,1
S203,1,2,2,63,13,50,0,0.02210648148,0.000,0.001,0.999,1.999,1,0.000,0.010,0.989,1.989,1,0.02,0.402,1,1.56,1,0.097,0.227,0.675,1.578,1,0.000,0.010,0.990,1.990,1,0.020,0.191,0.79,1.770,1,0.00,0.33,1,1.67,1,0.003,0.067,0.930,1.93,1,0.001,0.034,0.966,1.965,1,0.002,0.104,0.895,1.893,1,0.000,0.039,0.961,1.960,1,0.013,0.211,0.777,1.764,1,0.003,0.12,0.882,1.879,1
S204,2,2,1,63,26,37,0,0.02201388889,0.001,0.196,0.803,1.802,1,0.000,0.010,0.989,1.989,1,0.53,0.433,0,0.50,3,0.121,0.243,0.635,1.514,1,0.026,0.216,0.758,1.732,1,0.000,0.023,0.98,1.976,1,0.28,0.67,0,0.77,2,0.001,0.040,0.959,1.96,1,0.006,0.100,0.895,1.889,1,0.140,0.579,0.281,1.141,2,0.063,0.365,0.571,1.508,1,0.001,0.051,0.948,1.947,1,0.018,0.23,0.749,1.731,1
S208,1,2,2,63,16,12,35,0.00000036169,0.536,0.459,0.006,0.470,3,0.029,0.131,0.839,1.810,1,0.98,0.019,0,0.02,3,0.266,0.323,0.411,1.145,1,0.695,0.260,0.045,0.350,3,0.007,0.056,0.94,1.930,1,0.97,0.03,0,0.03,3,0.187,0.409,0.404,1.22,2,0.229,0.475,0.296,1.067,2,0.270,0.403,0.328,1.058,2,0.749,0.210,0.041,0.292,3,0.200,0.400,0.401,1.201,1,0.045,0.30,0.657,1.612,1
S209,2,2,1,63,24,39,0,0.03092592593,0.012,0.321,0.667,1.655,1,0.002,0.045,0.953,1.951,1,0.15,0.421,0,1.28,1,0.139,0.255,0.606,1.467,1,0.128,0.381,0.491,1.363,1,0.000,0.003,1.00,1.997,1,0.40,0.57,0,0.63,2,0.095,0.349,0.556,1.46,1,0.125,0.349,0.526,1.401,1,0.050,0.427,0.522,1.472,1,0.227,0.484,0.290,1.063,2,0.266,0.479,0.255,0.989,2,0.001,0.07,0.932,1.931,1
S210,3,1,1,63,23,40,0,0.01918981481,0.000,0.055,0.945,1.945,1,0.001,0.020,0.979,1.978,1,0.04,0.406,1,1.52,1,0.104,0.232,0.664,1.560,1,0.000,0.012,0.988,1.987,1,0.000,0.008,0.99,1.992,1,0.75,0.24,0,0.25,3,0.004,0.062,0.933,1.93,1,0.007,0.107,0.886,1.879,1,0.349,0.549,0.101,0.752,2,0.082,0.389,0.529,1.448,1,0.009,0.157,0.834,1.825,1,0.001,0.05,0.946,1.945,1
S211,1,2,2,63,17,46,0,0.01535879630,0.000,0.002,0.998,1.998,1,0.000,0.003,0.997,1.997,1,0.07,0.599,0,1.26,2,0.098,0.227,0.675,1.578,1,0.000,0.010,0.990,1.990,1,0.000,0.017,0.98,1.982,1,0.33,0.65,0,0.70,2,0.001,0.031,0.968,1.97,1,0.000,0.016,0.984,1.984,1,0.008,0.227,0.765,1.757,1,0.147,0.456,0.398,1.251,2,0.002,0.094,0.904,1.902,1,0.000,0.03,0.973,1.973,1
S212,2,2,1,63,20,43,0,0.01682870370,0.000,0.009,0.991,1.991,1,0.001,0.013,0.986,1.985,1,0.08,0.597,0,1.25,2,0.098,0.228,0.674,1.575,1,0.000,0.010,0.990,1.990,1,0.000,0.021,0.98,1.979,1,0.39,0.60,0,0.63,2,0.003,0.061,0.935,1.93,1,0.001,0.034,0.965,1.964,1,0.141,0.579,0.280,1.139,2,0.006,0.141,0.852,1.846,1,0.010,0.186,0.804,1.793,1,0.007,0.17,0.825,1.818,1
S213,3,1,1,63,16,47,0,0.02170138889,0.000,0.013,0.987,1.987,1,0.000,0.003,0.997,1.997,1,0.22,0.650,0,0.92,2,0.099,0.228,0.673,1.574,1,0.000,0.010,0.990,1.990,1,0.000,0.022,0.98,1.978,1,0.09,0.82,0,1.01,2,0.001,0.038,0.962,1.96,1,0.000,0.006,0.994,1.994,1,0.008,0.228,0.764,1.757,1,0.000,0.031,0.969,1.969,1,0.003,0.113,0.884,1.881,1,0.000,0.04,0.963,1.963,1
S214,1,2,2,63,20,43,0,0.02315972222,0.000,0.129,0.871,1.870,1,0.000,0.006,0.993,1.993,1,0.29,0.591,0,0.83,2,0.113,0.238,0.649,1.536,1,0.001,0.040,0.959,1.958,1,0.000,0.030,0.97,1.969,1,0.21,0.73,0,0.85,2,0.012,0.135,0.853,1.84,1,0.105,0.329,0.566,1.460,1,0.001,0.103,0.896,1.894,1,0.003,0.102,0.894,1.891,1,0.042,0.329,0.629,1.587,1,0.004,0.12,0.873,1.869,1
S215,2,2,1,63,38,25,0,0.02703703704,0.761,0.238,0.001,0.239,3,0.007,0.075,0.918,1.911,1,1.00,0.002,0,0.00,3,0.287,0.330,0.384,1.097,1,0.775,0.209,0.016,0.241,3,0.000,0.012,0.99,1.988,1,1.00,0.00,0,0.00,3,0.089,0.389,0.522,1.43,1,0.081,0.423,0.496,1.414,1,0.172,0.565,0.263,1.092,2,0.568,0.370,0.062,0.493,3,0.074,0.318,0.608,1.534,1,0.327,0.49,0.186,0.859,2
S216,3,1,1,63,45,18,0,0.02372685185,0.968,0.032,0.000,0.032,3,0.071,0.266,0.663,1.592,1,1.00,0.001,0,0.00,3,0.305,0.335,0.359,1.054,1,0.837,0.157,0.006,0.169,3,0.007,0.113,0.88,1.873,1,1.00,0.00,0,0.00,3,0.361,0.435,0.204,0.84,2,0.610,0.348,0.042,0.433,3,0.500,0.429,0.071,0.570,3,0.503,0.413,0.084,0.581,3,0.339,0.422,0.240,0.901,2,0.574,0.37,0.052,0.478,3
S217,1,2,2,63,22,41,0,0.02443287037,0.002,0.362,0.636,1.633,1,0.000,0.011,0.988,1.988,1,0.62,0.356,0,0.41,3,0.142,0.257,0.601,1.459,1,0.000,0.028,0.971,1.971,1,0.001,0.047,0.95,1.951,1,0.39,0.59,0,0.64,2,0.013,0.148,0.840,1.83,1,0.061,0.284,0.655,1.595,1,0.009,0.230,0.761,1.752,1,0.002,0.078,0.920,1.918,1,0.029,0.261,0.710,1.681,1,0.001,0.06,0.938,1.937,1
S218,2,2,1,63,33,30,0,0.01754629630,0.114,0.837,0.050,0.936,2,0.004,0.059,0.938,1.934,1,0.96,0.036,0,0.04,3,0.223,0.308,0.469,1.246,1,0.776,0.209,0.015,0.239,3,0.000,0.006,0.99,1.994,1,0.67,0.31,0,0.34,3,0.010,0.156,0.834,1.82,1,0.016,0.213,0.771,1.755,1,0.814,0.181,0.005,0.190,3,0.270,0.502,0.228,0.958,2,0.005,0.090,0.905,1.901,1,0.059,0.39,0.551,1.492,1
S219,3,1,1,63,25,38,0,0.01585648148,0.049,0.773,0.179,1.130,2,0.010,0.091,0.899,1.889,1,0.74,0.233,0,0.29,3,0.202,0.296,0.503,1.301,1,0.001,0.058,0.941,1.940,1,0.000,0.012,0.99,1.988,1,0.86,0.14,0,0.14,3,0.077,0.299,0.624,1.55,1,0.129,0.426,0.446,1.317,1,0.386,0.521,0.094,0.708,2,0.007,0.154,0.839,1.833,1,0.106,0.345,0.549,1.442,1,0.001,0.06,0.944,1.944,1
S220,1,2,2,63,30,33,0,0.02230324074,0.580,0.416,0.005,0.425,3,0.007,0.079,0.914,1.907,1,0.99,0.012,0,0.01,3,0.270,0.324,0.405,1.135,1,0.503,0.406,0.091,0.587,3,0.000,0.010,0.99,1.990,1,0.90,0.10,0,0.10,3,0.100,0.380,0.520,1.42,1,0.003,0.113,0.883,1.880,1,0.173,0.564,0.263,1.089,2,0.059,0.374,0.567,1.507,1,0.094,0.348,0.558,1.464,1,0.317,0.49,0.195,0.878,2
S221,2,2,1,63,26,37,0,0.02547453704,0.026,0.605,0.369,1.343,2,0.001,0.021,0.978,1.977,1,0.61,0.333,0,0.44,3,0.176,0.279,0.544,1.368,1,0.018,0.218,0.763,1.745,1,0.001,0.039,0.96,1.960,1,0.76,0.23,0,0.24,3,0.042,0.267,0.690,1.65,1,0.036,0.257,0.707,1.671,1,0.010,0.233,0.756,1.746,1,0.130,0.459,0.410,1.280,2,0.084,0.359,0.558,1.474,1,0.007,0.16,0.835,1.828,1
S222,3,1,1,63,14,47,0,0.01725694444,0.000,0.000,1.000,2.000,1,0.000,0.006,0.993,1.993,1,0.21,0.656,0,0.93,2,0.097,0.227,0.675,1.578,1,0.000,0.010,0.990,1.990,1,0.000,0.003,1.00,1.997,1,0.17,0.78,0,0.88,2,0.000,0.021,0.979,1.98,1,0.000,0.016,0.984,1.984,1,0.138,0.580,0.282,1.144,2,0.004,0.104,0.892,1.888,1,0.001,0.049,0.951,1.950,1,0.000,0.04,0.961,1.961,1
S223,1,2,2,63,14,49,0,0.01796296296,0.000,0.010,0.990,1.990,1,0.000,0.002,0.998,1.998,1,0.02,0.403,1,1.55,1,0.098,0.228,0.674,1.575,1,0.000,0.010,0.990,1.990,1,0.000,0.017,0.98,1.983,1,0.04,0.76,0,1.16,2,0.002,0.050,0.948,1.95,1,0.000,0.016,0.984,1.984,1,0.001,0.102,0.897,1.896,1,0.008,0.150,0.842,1.834,1,0.007,0.161,0.832,1.825,1,0.001,0.06,0.944,1.944,1
S228,1,2,2,63,18,45,0,0.02607638889,0.000,0.123,0.877,1.877,1,0.000,0.002,0.998,1.998,1,0.29,0.594,0,0.84,2,0.112,0.237,0.650,1.538,1,0.000,0.016,0.984,1.984,1,0.000,0.003,1.00,1.997,1,0.68,0.32,0,0.33,3,0.001,0.041,0.958,1.96,1,0.000,0.011,0.989,1.989,1,0.001,0.101,0.897,1.896,1,0.002,0.072,0.926,1.924,1,0.002,0.083,0.915,1.913,1,0.042,0.32,0.636,1.594,1
S229,2,2,1,63,24,39,0,0.03075231481,0.000,0.051,0.948,1.948,1,0.001,0.015,0.984,1.984,1,0.04,0.406,1,1.52,1,0.104,0.231,0.665,1.561,1,0.000,0.012,0.988,1.988,1,0.000,0.003,1.00,1.997,1,0.97,0.03,0,0.03,3,0.007,0.088,0.905,1.90,1,0.038,0.230,0.732,1.694,1,0.142,0.578,0.280,1.138,2,0.088,0.425,0.488,1.400,1,0.021,0.241,0.738,1.717,1,0.003,0.10,0.896,1.893,1
S230,3,1,1,63,41,22,0,0.03017361111,0.888,0.112,0.000,0.112,3,0.206,0.433,0.361,1.156,2,1.00,0.001,0,0.00,3,0.298,0.333,0.369,1.070,1,0.918,0.080,0.002,0.083,3,0.034,0.280,0.69,1.652,1,1.00,0.00,0,0.00,3,0.679,0.267,0.054,0.38,3,0.717,0.262,0.020,0.303,3,0.811,0.179,0.010,0.199,3,0.024,0.265,0.711,1.687,1,0.703,0.251,0.046,0.344,3,0.029,0.30,0.668,1.640,1
S231,1,2,2,63,37,25,1,0.02644675926,0.469,0.525,0.006,0.537,2,0.270,0.321,0.410,1.140,1,0.94,0.061,0,0.07,3,0.260,0.321,0.419,1.159,1,0.005,0.129,0.867,1.862,1,0.193,0.388,0.42,1.226,1,0.99,0.01,0,0.01,3,0.351,0.366,0.283,0.93,2,0.372,0.459,0.169,0.796,2,0.906,0.091,0.002,0.096,3,0.413,0.455,0.133,0.720,2,0.260,0.394,0.346,1.087,2,0.047,0.34,0.613,1.566,1
S232,2,2,1,63,21,42,0,0.02247685185,0.032,0.711,0.256,1.224,2,0.000,0.005,0.995,1.995,1,0.69,0.275,0,0.35,3,0.191,0.289,0.521,1.330,1,0.001,0.052,0.948,1.947,1,0.000,0.002,1.00,1.998,1,0.58,0.41,0,0.44,3,0.010,0.164,0.827,1.82,1,0.235,0.437,0.328,1.092,2,0.001,0.102,0.896,1.895,1,0.650,0.312,0.038,0.388,3,0.016,0.188,0.796,1.781,1,0.001,0.06,0.939,1.938,1
S233,3,1,1,63,45,18,0,0.02596064815,0.976,0.024,0.000,0.024,3,0.093,0.402,0.505,1.411,1,1.00,0.000,0,0.00,3,0.306,0.335,0.358,1.052,1,0.839,0.155,0.006,0.166,3,0.002,0.079,0.92,1.916,1,1.00,0.00,0,0.00,3,0.558,0.350,0.092,0.53,3,0.431,0.467,0.101,0.670,2,0.758,0.228,0.014,0.256,3,0.392,0.469,0.139,0.747,2,0.569,0.334,0.097,0.528,3,0.138,0.50,0.365,1.227,2
S234,1,2,2,63,14,49,0,0.01731481481,0.000,0.002,0.998,1.998,1,0.000,0.002,0.998,1.998,1,0.02,0.402,1,1.56,1,0.098,0.227,0.675,1.578,1,0.000,0.010,0.990,1.990,1,0.000,0.003,1.00,1.997,1,0.08,0.77,0,1.07,2,0.000,0.026,0.974,1.97,1,0.000,0.026,0.974,1.974,1,0.008,0.227,0.765,1.757,1,0.358,0.476,0.167,0.809,2,0.001,0.072,0.927,1.925,1,0.000,0.02,0.982,1.982,1
S235,2,2,1,63,30,33,0,0.02157407407,0.018,0.806,0.175,1.157,2,0.008,0.074,0.918,1.910,1,0.97,0.034,0,0.03,3,0.199,0.295,0.506,1.306,1,0.001,0.054,0.946,1.945,1,0.009,0.118,0.87,1.865,1,0.98,0.02,0,0.02,3,0.158,0.448,0.394,1.24,2,0.004,0.116,0.880,1.875,1,0.020,0.250,0.730,1.710,1,0.004,0.132,0.864,1.860,1,0.314,0.448,0.239,0.925,2,0.402,0.48,0.123,0.720,2
S236,3,1,1,63,16,47,0,0.02268518519,0.000,0.003,0.997,1.997,1,0.125,0.186,0.689,1.565,1,0.07,0.599,0,1.25,2,0.098,0.227,0.675,1.577,1,0.000,0.010,0.990,1.990,1,0.232,0.357,0.41,1.179,1,0.00,0.03,1,1.97,1,0.093,0.214,0.693,1.60,1,0.001,0.035,0.965,1.964,1,0.500,0.427,0.073,0.573,3,0.001,0.049,0.950,1.950,1,0.115,0.340,0.545,1.430,1,0.001,0.07,0.933,1.933,1
S237,1,2,2,63,26,23,14,0.00000036169,0.006,0.307,0.688,1.682,1,0.012,0.066,0.922,1.911,1,0.26,0.507,0,0.98,2,0.136,0.253,0.611,1.475,1,0.009,0.138,0.853,1.844,1,0.004,0.038,0.96,1.955,1,0.99,0.01,0,0.01,3,0.050,0.204,0.747,1.70,1,0.194,0.374,0.433,1.239,1,0.354,0.492,0.154,0.800,2,0.405,0.461,0.134,0.729,2,0.089,0.353,0.558,1.470,1,0.108,0.43,0.458,1.350,1
S238,2,2,1,63,33,30,0,0.02259259259,0.010,0.625,0.365,1.355,2,0.076,0.174,0.750,1.675,1,0.94,0.060,0,0.06,3,0.175,0.279,0.545,1.370,1,0.415,0.418,0.166,0.751,2,0.032,0.190,0.78,1.746,1,0.79,0.21,0,0.21,3,0.176,0.319,0.505,1.33,1,0.012,0.165,0.823,1.811,1,0.464,0.458,0.079,0.615,3,0.001,0.064,0.934,1.933,1,0.234,0.399,0.367,1.133,2,0.050,0.37,0.582,1.532,1
S239,3,1,1,63,38,25,0,0.02979166667,0.751,0.248,0.000,0.249,3,0.012,0.145,0.844,1.832,1,0.99,0.006,0,0.01,3,0.286,0.329,0.385,1.099,1,0.896,0.101,0.003,0.107,3,0.024,0.189,0.79,1.763,1,0.99,0.01,0,0.01,3,0.428,0.447,0.126,0.70,2,0.494,0.417,0.089,0.595,3,0.009,0.141,0.850,1.841,1,0.595,0.350,0.055,0.460,3,0.554,0.355,0.091,0.537,3,0.013,0.21,0.772,1.759,1
S240,1,2,2,63,22,41,0,0.02709490741,0.000,0.005,0.995,1.995,1,0.002,0.023,0.975,1.973,1,0.68,0.310,0,0.33,3,0.098,0.228,0.675,1.577,1,0.009,0.151,0.840,1.831,1,0.001,0.040,0.96,1.958,1,0.05,0.76,0,1.14,2,0.024,0.181,0.795,1.77,1,0.026,0.191,0.784,1.758,1,0.044,0.424,0.531,1.487,1,0.037,0.290,0.674,1.637,1,0.100,0.444,0.456,1.357,1,0.001,0.07,0.928,1.927,1
S241,2,2,1,63,34,29,0,0.02281250000,0.050,0.843,0.107,1.057,2,0.000,0.009,0.991,1.991,1,0.99,0.010,0,0.01,3,0.210,0.301,0.488,1.278,1,0.523,0.395,0.082,0.559,3,0.000,0.007,0.99,1.993,1,0.99,0.01,0,0.01,3,0.021,0.235,0.744,1.72,1,0.058,0.348,0.593,1.535,1,0.002,0.103,0.895,1.894,1,0.199,0.515,0.287,1.088,2,0.035,0.257,0.708,1.673,1,0.205,0.53,0.270,1.065,2
S242,3,1,1,63,32,31,0,0.02806712963,0.160,0.785,0.054,0.894,2,0.027,0.126,0.847,1.820,1,0.84,0.153,0,0.18,3,0.227,0.309,0.464,1.238,1,0.002,0.081,0.917,1.915,1,0.085,0.312,0.60,1.519,1,0.99,0.01,0,0.01,3,0.138,0.378,0.484,1.35,1,0.390,0.447,0.163,0.773,2,0.037,0.267,0.695,1.658,1,0.093,0.426,0.481,1.388,1,0.178,0.398,0.424,1.247,1,0.145,0.49,0.363,1.218,2
S243,1,2,2,63,24,39,0,0.02601851852,0.002,0.405,0.593,1.591,1,0.000,0.004,0.996,1.996,1,0.80,0.194,0,0.21,3,0.147,0.260,0.592,1.445,1,0.010,0.160,0.830,1.820,1,0.000,0.003,1.00,1.997,1,0.73,0.27,0,0.27,3,0.003,0.079,0.918,1.92,1,0.002,0.067,0.931,1.929,1,0.008,0.228,0.764,1.756,1,0.224,0.490,0.286,1.061,2,0.004,0.103,0.893,1.889,1,0.000,0.04,0.961,1.960,1
S249,1,2,2,63,15,48,0,0.02368055556,0.000,0.000,1.000,2.000,1,0.001,0.016,0.983,1.983,1,0.07,0.599,0,1.26,2,0.097,0.227,0.675,1.578,1,0.000,0.010,0.990,1.990,1,0.001,0.033,0.97,1.966,1,0.14,0.80,0,0.93,2,0.028,0.221,0.750,1.72,1,0.001,0.043,0.956,1.955,1,0.010,0.232,0.759,1.749,1,0.001,0.045,0.955,1.954,1,0.140,0.495,0.365,1.225,2,0.009,0.19,0.803,1.794,1
S250,2,2,1,63,26,37,0,0.02030092593,0.007,0.636,0.357,1.350,2,0.002,0.020,0.978,1.976,1,0.87,0.127,0,0.13,3,0.176,0.280,0.544,1.368,1,0.000,0.043,0.957,1.956,1,0.002,0.051,0.95,1.946,1,0.74,0.26,0,0.27,3,0.014,0.167,0.819,1.80,1,0.053,0.306,0.642,1.589,1,0.044,0.424,0.532,1.489,1,0.041,0.324,0.635,1.594,1,0.022,0.211,0.767,1.745,1,0.001,0.05,0.949,1.949,1
S251,3,1,1,63,26,37,0,0.01569444444,0.000,0.189,0.810,1.810,1,0.035,0.096,0.868,1.833,1,0.53,0.436,0,0.50,3,0.120,0.243,0.637,1.516,1,0.000,0.019,0.981,1.980,1,0.101,0.321,0.58,1.477,1,0.20,0.72,0,0.89,2,0.066,0.205,0.730,1.66,1,0.162,0.365,0.473,1.310,1,0.090,0.425,0.484,1.394,1,0.276,0.483,0.241,0.964,2,0.110,0.376,0.514,1.405,1,0.001,0.07,0.929,1.928,1
S252,1,2,2,63,7,56,0,0.01314814815,0.000,0.000,1.000,2.000,1,0.000,0.002,0.998,1.998,1,0.02,0.402,1,1.56,1,0.097,0.227,0.675,1.578,1,0.000,0.010,0.990,1.990,1,0.000,0.008,0.99,1.991,1,0.00,0.11,1,1.90,1,0.000,0.020,0.980,1.98,1,0.000,0.009,0.991,1.991,1,0.008,0.227,0.765,1.757,1,0.025,0.268,0.707,1.682,1,0.001,0.050,0.950,1.949,1,0.000,0.04,0.964,1.964,1
S253,2,2,1,63,20,43,0,0.03076388889,0.000,0.006,0.994,1.994,1,0.000,0.005,0.995,1.994,1,0.08,0.598,0,1.25,2,0.098,0.228,0.674,1.576,1,0.000,0.010,0.990,1.990,1,0.000,0.008,0.99,1.992,1,0.79,0.21,0,0.21,3,0.002,0.047,0.951,1.95,1,0.001,0.046,0.953,1.951,1,0.039,0.422,0.539,1.500,1,0.034,0.285,0.680,1.646,1,0.006,0.149,0.845,1.840,1,0.004,0.12,0.877,1.873,1
S254,3,1,1,63,46,17,0,0.03111111111,0.985,0.015,0.000,0.015,3,0.065,0.220,0.715,1.651,1,1.00,0.000,0,0.00,3,0.307,0.336,0.357,1.050,1,0.934,0.065,0.001,0.067,3,0.014,0.145,0.84,1.827,1,1.00,0.00,0,0.00,3,0.367,0.446,0.186,0.82,2,0.415,0.475,0.110,0.696,2,0.278,0.510,0.212,0.934,2,0.899,0.098,0.003,0.104,3,0.365,0.422,0.212,0.847,2,0.673,0.30,0.028,0.355,3
S255,1,2,2,63,34,29,0,0.02534722222,0.607,0.391,0.001,0.394,3,0.014,0.134,0.852,1.839,1,0.97,0.025,0,0.03,3,0.273,0.325,0.402,1.128,1,0.872,0.123,0.005,0.132,3,0.001,0.036,0.96,1.962,1,0.98,0.02,0,0.02,3,0.364,0.457,0.179,0.82,2,0.669,0.297,0.035,0.366,3,0.082,0.437,0.481,1.399,1,0.087,0.406,0.507,1.421,1,0.485,0.386,0.129,0.643,3,0.024,0.27,0.709,1.685,1
S256,2,2,1,63,13,49,0,0.02690972222,0.000,0.002,0.998,1.998,1,0.001,0.012,0.988,1.987,1,0.07,0.599,0,1.26,2,0.098,0.227,0.675,1.578,1,0.000,0.025,0.975,1.974,1,0.001,0.031,0.97,1.967,1,0.00,0.16,1,1.84,1,0.007,0.098,0.895,1.89,1,0.000,0.018,0.982,1.982,1,0.041,0.423,0.536,1.496,1,0.001,0.070,0.929,1.928,1,0.029,0.297,0.673,1.644,1,0.001,0.07,0.932,1.931,1
S257,3,1,1,63,20,43,0,0.01320601852,0.000,0.041,0.959,1.959,1,0.000,0.003,0.997,1.997,1,0.46,0.504,0,0.58,2,0.102,0.231,0.667,1.565,1,0.055,0.314,0.631,1.577,1,0.000,0.001,1.00,1.999,1,0.25,0.72,0,0.79,2,0.000,0.019,0.981,1.98,1,0.000,0.010,0.989,1.989,1,0.038,0.422,0.540,1.502,1,0.009,0.171,0.820,1.810,1,0.000,0.030,0.969,1.969,1,0.000,0.02,0.984,1.984,1
S258,1,2,2,63,24,39,0,0.01718750000,0.004,0.404,0.592,1.588,1,0.000,0.006,0.994,1.994,1,0.47,0.449,0,0.62,3,0.147,0.261,0.592,1.445,1,0.000,0.031,0.969,1.969,1,0.000,0.001,1.00,1.999,1,0.98,0.02,0,0.02,3,0.007,0.114,0.879,1.87,1,0.091,0.324,0.586,1.495,1,0.008,0.228,0.763,1.755,1,0.057,0.366,0.577,1.520,1,0.013,0.180,0.807,1.794,1,0.282,0.49,0.228,0.947,2
S259,2,2,1,63,35,27,1,0.02217592593,0.267,0.723,0.011,0.744,2,0.051,0.188,0.760,1.709,1,0.99,0.015,0,0.02,3,0.242,0.315,0.443,1.202,1,0.177,0.484,0.339,1.162,2,0.007,0.106,0.89,1.879,1,0.97,0.03,0,0.03,3,0.216,0.385,0.399,1.18,1,0.596,0.345,0.059,0.463,3,0.454,0.466,0.080,0.626,2,0.118,0.446,0.436,1.318,2,0.247,0.397,0.356,1.109,2,0.001,0.06,0.937,1.935,1
S260,3,1,1,63,29,34,0,0.02351851852,0.027,0.614,0.360,1.333,2,0.007,0.077,0.916,1.909,1,0.62,0.328,0,0.43,3,0.178,0.280,0.542,1.364,1,0.206,0.450,0.344,1.137,2,0.000,0.006,0.99,1.994,1,0.81,0.19,0,0.19,3,0.040,0.208,0.752,1.71,1,0.103,0.364,0.533,1.430,1,0.626,0.350,0.024,0.398,3,0.216,0.496,0.288,1.072,2,0.050,0.258,0.692,1.642,1,0.000,0.02,0.977,1.977,1
S261,1,2,2,63,23,40,0,0.02042824074,0.000,0.153,0.847,1.846,1,0.002,0.023,0.974,1.972,1,0.73,0.267,0,0.28,3,0.116,0.240,0.644,1.528,1,0.000,0.017,0.982,1.982,1,0.001,0.038,0.96,1.960,1,0.12,0.75,0,1.01,2,0.012,0.108,0.881,1.87,1,0.001,0.042,0.957,1.956,1,0.147,0.576,0.277,1.131,2,0.016,0.202,0.782,1.766,1,0.024,0.238,0.738,1.714,1,0.131,0.47,0.396,1.265,2
S262,2,2,1,63,18,45,0,0.01781250000,0.000,0.089,0.911,1.911,1,0.000,0.002,0.998,1.998,1,0.26,0.611,0,0.86,2,0.108,0.234,0.657,1.549,1,0.000,0.014,0.986,1.986,1,0.000,0.003,1.00,1.997,1,0.48,0.51,0,0.53,2,0.000,0.025,0.974,1.97,1,0.000,0.007,0.993,1.993,1,0.008,0.227,0.765,1.757,1,0.002,0.088,0.910,1.908,1,0.000,0.041,0.958,1.958,1,0.048,0.35,0.603,1.555,1
S263,3,1,1,63,28,35,0,0.02783564815,0.008,0.497,0.495,1.488,2,0.008,0.067,0.924,1.916,1,0.53,0.399,0,0.54,3,0.159,0.269,0.572,1.413,1,0.000,0.036,0.963,1.963,1,0.001,0.035,0.96,1.963,1,0.65,0.35,0,0.36,3,0.020,0.142,0.838,1.82,1,0.011,0.147,0.843,1.832,1,0.817,0.178,0.005,0.188,3,0.391,0.464,0.145,0.754,2,0.020,0.170,0.811,1.791,1,0.000,0.02,0.977,1.977,1
S269,1,2,2,63,16,22,25,0.00000036169,0.004,0.329,0.667,1.663,1,0.004,0.026,0.970,1.966,1,0.42,0.487,0,0.67,2,0.138,0.255,0.607,1.469,1,0.022,0.140,0.838,1.816,1,0.002,0.022,0.98,1.974,1,0.62,0.38,0,0.39,3,0.017,0.121,0.863,1.85,1,0.000,0.014,0.986,1.985,1,0.198,0.430,0.372,1.174,2,0.047,0.323,0.631,1.584,1,0.027,0.191,0.782,1.755,1,0.001,0.04,0.958,1.957,1
S270,2,2,1,63,12,22,29,0.00000036169,0.002,0.164,0.834,1.832,1,0.007,0.036,0.957,1.950,1,0.17,0.550,0,1.11,2,0.118,0.241,0.641,1.524,1,0.013,0.102,0.886,1.873,1,0.004,0.038,0.96,1.953,1,0.80,0.19,0,0.20,3,0.028,0.147,0.825,1.80,1,0.002,0.053,0.946,1.944,1,0.205,0.427,0.368,1.162,2,0.049,0.297,0.654,1.605,1,0.055,0.309,0.636,1.580,1,0.015,0.17,0.817,1.802,1
S271,3,1,1,63,11,29,23,0.02983796296,0.000,0.023,0.976,1.976,1,0.000,0.006,0.993,1.993,1,0.09,0.593,0,1.24,2,0.100,0.229,0.671,1.570,1,0.000,0.011,0.989,1.989,1,0.000,0.011,0.99,1.988,1,0.24,0.66,0,0.86,2,0.004,0.052,0.944,1.94,1,0.001,0.027,0.972,1.972,1,0.039,0.422,0.539,1.500,1,0.069,0.243,0.687,1.618,1,0.012,0.138,0.850,1.837,1,0.046,0.22,0.738,1.692,1
S272,1,2,2,63,8,22,33,0.00000036169,0.000,0.012,0.988,1.988,1,0.002,0.016,0.982,1.980,1,0.39,0.548,0,0.67,2,0.099,0.228,0.673,1.574,1,0.004,0.066,0.930,1.925,1,0.004,0.038,0.96,1.955,1,0.01,0.40,1,1.59,1,0.003,0.048,0.948,1.95,1,0.000,0.018,0.982,1.981,1,0.191,0.432,0.377,1.185,2,0.001,0.045,0.955,1.954,1,0.008,0.130,0.862,1.854,1,0.003,0.09,0.904,1.901,1
S273,2,2,1,63,7,56,0,0.02740740741,0.000,0.000,1.000,2.000,1,0.000,0.004,0.996,1.996,1,0.02,0.402,1,1.56,1,0.097,0.227,0.675,1.578,1,0.000,0.010,0.990,1.990,1,0.000,0.007,0.99,1.993,1,0.00,0.19,1,1.81,1,0.003,0.064,0.933,1.93,1,0.000,0.011,0.989,1.989,1,0.008,0.228,0.764,1.756,1,0.001,0.069,0.930,1.929,1,0.012,0.210,0.778,1.766,1,0.000,0.03,0.966,1.966,1
S274,3,1,1,63,10,53,0,0.01556712963,0.000,0.000,1.000,2.000,1,0.000,0.012,0.988,1.988,1,0.02,0.402,1,1.56,1,0.097,0.227,0.675,1.578,1,0.000,0.025,0.975,1.975,1,0.000,0.007,0.99,1.993,1,0.00,0.17,1,1.83,1,0.011,0.123,0.866,1.86,1,0.004,0.083,0.913,1.909,1,0.040,0.423,0.537,1.496,1,0.010,0.176,0.814,1.804,1,0.048,0.357,0.595,1.548,1,0.000,0.03,0.967,1.967,1
S275,1,2,2,63,2,36,25,0.00000036169,0.000,0.000,1.000,2.000,1,0.000,0.009,0.990,1.990,1,0.02,0.402,1,1.56,1,0.097,0.227,0.675,1.578,1,0.000,0.032,0.968,1.967,1,0.001,0.017,0.98,1.981,1,0.00,0.06,1,1.94,1,0.001,0.027,0.972,1.97,1,0.000,0.014,0.986,1.986,1,0.187,0.434,0.379,1.192,2,0.001,0.064,0.935,1.933,1,0.002,0.070,0.928,1.926,1,0.000,0.04,0.960,1.960,1
S276,2,2,1,63,5,24,34,0.00000036169,0.000,0.000,1.000,2.000,1,0.000,0.009,0.991,1.990,1,0.26,0.570,0,0.91,2,0.097,0.227,0.675,1.578,1,0.004,0.064,0.933,1.929,1,0.001,0.017,0.98,1.982,1,0.02,0.50,0,1.47,2,0.001,0.024,0.976,1.98,1,0.000,0.012,0.988,1.988,1,0.187,0.434,0.379,1.193,2,0.324,0.459,0.218,0.894,2,0.001,0.056,0.943,1.942,1,0.000,0.03,0.968,1.968,1
S277,3,1,1,63,13,50,0,0.02765046296,0.000,0.000,1.000,2.000,1,0.001,0.018,0.981,1.980,1,0.02,0.402,1,1.56,1,0.097,0.227,0.675,1.578,1,0.000,0.025,0.975,1.975,1,0.000,0.026,0.97,1.974,1,0.00,0.21,1,1.79,1,0.002,0.039,0.959,1.96,1,0.000,0.014,0.986,1.986,1,0.348,0.550,0.101,0.753,2,0.022,0.250,0.728,1.705,1,0.004,0.107,0.890,1.886,1,0.000,0.03,0.967,1.966,1
S278,1,2,2,63,9,54,0,0.01947916667,0.000,0.000,1.000,2.000,1,0.000,0.009,0.990,1.990,1,0.07,0.599,0,1.26,2,0.097,0.227,0.675,1.578,1,0.000,0.010,0.990,1.990,1,0.000,0.006,0.99,1.994,1,0.00,0.07,1,1.93,1,0.007,0.099,0.894,1.89,1,0.001,0.042,0.957,1.956,1,0.040,0.423,0.537,1.498,1,0.001,0.047,0.952,1.951,1,0.030,0.304,0.666,1.636,1,0.001,0.07,0.929,1.928,1
S279,2,2,1,63,3,17,43,0.03109953704,0.000,0.001,0.999,1.999,1,0.001,0.012,0.987,1.986,1,0.57,0.379,0,0.49,3,0.097,0.227,0.675,1.578,1,0.009,0.089,0.902,1.893,1,0.003,0.033,0.96,1.961,1,0.05,0.58,0,1.32,2,0.001,0.031,0.968,1.97,1,0.000,0.020,0.980,1.980,1,0.189,0.433,0.378,1.189,2,0.012,0.124,0.863,1.851,1,0.003,0.080,0.918,1.915,1,0.024,0.27,0.707,1.683,1
S280,3,1,1,63,9,41,13,0.02895833333,0.000,0.001,0.999,1.999,1,0.000,0.005,0.995,1.995,1,0.07,0.599,0,1.26,2,0.097,0.227,0.675,1.578,1,0.000,0.025,0.975,1.974,1,0.000,0.003,1.00,1.997,1,0.02,0.52,0,1.44,2,0.006,0.079,0.915,1.91,1,0.002,0.049,0.949,1.947,1,0.008,0.228,0.764,1.756,1,0.037,0.286,0.677,1.640,1,0.027,0.227,0.745,1.718,1,0.040,0.21,0.749,1.708,1
S281,1,2,2,63,9,30,23,0.00000036169,0.000,0.004,0.996,1.996,1,0.002,0.017,0.981,1.979,1,0.08,0.598,0,1.25,2,0.098,0.228,0.675,1.577,1,0.003,0.052,0.946,1.943,1,0.001,0.019,0.98,1.978,1,0.01,0.44,1,1.56,1,0.007,0.077,0.916,1.91,1,0.000,0.015,0.985,1.984,1,0.192,0.432,0.376,1.184,2,0.001,0.066,0.933,1.931,1,0.021,0.224,0.755,1.734,1,0.010,0.19,0.801,1.790,1
S282,2,2,1,63,7,23,33,0.00000036169,0.000,0.054,0.946,1.946,1,0.003,0.022,0.975,1.972,1,0.45,0.484,0,0.62,2,0.104,0.232,0.665,1.561,1,0.006,0.076,0.918,1.911,1,0.001,0.020,0.98,1.977,1,0.01,0.40,1,1.58,1,0.013,0.099,0.888,1.88,1,0.001,0.025,0.975,1.974,1,0.195,0.431,0.374,1.179,2,0.001,0.055,0.943,1.942,1,0.034,0.248,0.717,1.683,1,0.000,0.04,0.962,1.962,1
S283,3,1,1,63,13,50,0,0.01608796296,0.000,0.000,1.000,2.000,1,0.002,0.021,0.978,1.976,1,0.02,0.402,1,1.56,1,0.097,0.227,0.675,1.578,1,0.000,0.010,0.990,1.990,1,0.000,0.022,0.98,1.977,1,0.02,0.66,0,1.31,2,0.011,0.108,0.882,1.87,1,0.000,0.028,0.972,1.971,1,0.145,0.577,0.278,1.133,2,0.002,0.071,0.927,1.925,1,0.037,0.314,0.650,1.613,1,0.000,0.02,0.978,1.978,1
S284,1,2,2,63,6,57,0,0.02456018519,0.000,0.000,1.000,2.000,1,0.000,0.001,0.999,1.999,1,0.02,0.402,1,1.56,1,0.097,0.227,0.675,1.578,1,0.000,0.010,0.990,1.990,1,0.000,0.008,0.99,1.992,1,0.00,0.22,1,1.78,1,0.000,0.019,0.980,1.98,1,0.000,0.004,0.996,1.996,1,0.001,0.101,0.897,1.896,1,0.001,0.067,0.932,1.930,1,0.001,0.048,0.952,1.951,1,0.000,0.03,0.966,1.966,1
S285,2,2,1,63,5,58,0,0.02229166667,0.000,0.000,1.000,2.000,1,0.000,0.003,0.997,1.997,1,0.02,0.402,1,1.56,1,0.097,0.227,0.675,1.578,1,0.000,0.010,0.990,1.990,1,0.000,0.008,0.99,1.992,1,0.00,0.15,1,1.85,1,0.003,0.064,0.934,1.93,1,0.000,0.027,0.973,1.973,1,0.001,0.102,0.897,1.896,1,0.001,0.045,0.954,1.954,1,0.012,0.211,0.777,1.765,1,0.000,0.03,0.966,1.965,1
S291,1,2,2,63,7,56,0,0.00943287037,0.000,0.000,1.000,2.000,1,0.000,0.006,0.994,1.994,1,0.02,0.402,1,1.56,1,0.097,0.227,0.675,1.578,1,0.000,0.010,0.990,1.990,1,0.000,0.001,1.00,1.999,1,0.00,0.15,1,1.85,1,0.003,0.066,0.931,1.93,1,0.000,0.027,0.973,1.973,1,0.039,0.422,0.539,1.500,1,0.001,0.045,0.954,1.954,1,0.013,0.212,0.775,1.762,1,0.000,0.03,0.966,1.965,1
S292,2,2,1,63,12,51,0,0.01429398148,0.000,0.000,1.000,2.000,1,0.000,0.004,0.996,1.996,1,0.02,0.402,1,1.56,1,0.097,0.227,0.675,1.578,1,0.000,0.010,0.990,1.990,1,0.000,0.017,0.98,1.983,1,0.03,0.74,0,1.20,2,0.002,0.055,0.943,1.94,1,0.000,0.023,0.977,1.977,1,0.008,0.228,0.764,1.756,1,0.008,0.153,0.839,1.831,1,0.008,0.180,0.812,1.804,1,0.002,0.08,0.917,1.915,1
S293,3,1,1,63,9,54,0,0.01619212963,0.000,0.001,0.999,1.999,1,0.000,0.002,0.998,1.998,1,0.02,0.402,1,1.56,1,0.097,0.227,0.675,1.578,1,0.000,0.010,0.990,1.990,1,0.000,0.003,1.00,1.997,1,0.01,0.58,0,1.40,2,0.002,0.054,0.944,1.94,1,0.000,0.020,0.980,1.980,1,0.001,0.102,0.897,1.896,1,0.000,0.031,0.969,1.969,1,0.008,0.179,0.813,1.805,1,0.000,0.03,0.975,1.975,1
S294,1,2,2,63,14,49,0,0.01512731481,0.000,0.012,0.988,1.988,1,0.000,0.004,0.996,1.996,1,0.02,0.403,1,1.55,1,0.099,0.228,0.673,1.574,1,0.000,0.010,0.990,1.990,1,0.000,0.007,0.99,1.993,1,0.07,0.80,0,1.07,2,0.003,0.072,0.925,1.92,1,0.000,0.010,0.990,1.990,1,0.008,0.228,0.764,1.756,1,0.002,0.085,0.913,1.911,1,0.015,0.228,0.758,1.743,1,0.000,0.04,0.962,1.962,1
S295,2,2,1,63,16,46,0,0.01819444444,0.000,0.007,0.993,1.993,1,0.001,0.017,0.982,1.982,1,0.02,0.403,1,1.56,1,0.098,0.228,0.674,1.576,1,0.000,0.010,0.990,1.990,1,0.000,0.007,0.99,1.993,1,0.08,0.78,0,1.06,2,0.008,0.097,0.895,1.89,1,0.000,0.017,0.983,1.982,1,0.143,0.578,0.279,1.137,2,0.127,0.447,0.426,1.298,2,0.029,0.289,0.683,1.654,1,0.000,0.02,0.982,1.982,1
S296,3,1,1,63,24,39,0,0.01532407407,0.000,0.102,0.898,1.897,1,0.000,0.003,0.997,1.997,1,0.71,0.282,0,0.30,3,0.110,0.236,0.655,1.545,1,0.069,0.329,0.602,1.533,1,0.001,0.044,0.96,1.955,1,0.32,0.65,0,0.70,2,0.001,0.045,0.953,1.95,1,0.000,0.028,0.972,1.971,1,0.001,0.102,0.897,1.896,1,0.046,0.328,0.626,1.580,1,0.003,0.103,0.894,1.891,1,0.000,0.03,0.966,1.966,1
S297,1,2,2,63,17,46,0,0.01635416667,0.000,0.004,0.996,1.996,1,0.002,0.023,0.976,1.974,1,0.02,0.402,1,1.56,1,0.098,0.227,0.675,1.577,1,0.000,0.010,0.990,1.990,1,0.003,0.080,0.92,1.913,1,0.07,0.78,0,1.09,2,0.032,0.224,0.745,1.71,1,0.024,0.185,0.792,1.768,1,0.011,0.234,0.755,1.745,1,0.033,0.282,0.685,1.652,1,0.145,0.488,0.367,1.223,2,0.000,0.03,0.966,1.966,1
S298,2,2,1,63,19,21,23,0.00000036169,0.078,0.842,0.080,1.003,2,0.004,0.035,0.961,1.957,1,0.94,0.061,0,0.07,3,0.216,0.304,0.479,1.263,1,0.541,0.386,0.072,0.531,3,0.001,0.017,0.98,1.982,1,0.92,0.08,0,0.09,3,0.022,0.200,0.778,1.76,1,0.052,0.337,0.611,1.559,1,0.202,0.428,0.369,1.167,2,0.028,0.258,0.715,1.687,1,0.023,0.190,0.787,1.763,1,0.008,0.15,0.846,1.838,1
S299,3,1,1,63,18,39,6,0.00000036169,0.000,0.012,0.988,1.988,1,0.000,0.007,0.993,1.992,1,0.08,0.596,0,1.25,2,0.099,0.228,0.673,1.574,1,0.009,0.154,0.837,1.827,1,0.002,0.056,0.94,1.940,1,0.06,0.76,0,1.12,2,0.001,0.032,0.967,1.97,1,0.000,0.005,0.995,1.995,1,0.039,0.422,0.538,1.499,1,0.000,0.038,0.962,1.961,1,0.002,0.089,0.909,1.907,1,0.010,0.13,0.864,1.854,1
S300,1,2,2,63,11,52,0,0.01937500000,0.000,0.000,1.000,2.000,1,0.000,0.002,0.998,1.998,1,0.02,0.402,1,1.56,1,0.097,0.227,0.675,1.578,1,0.000,0.010,0.990,1.990,1,0.000,0.008,0.99,1.992,1,0.03,0.68,0,1.26,2,0.001,0.038,0.961,1.96,1,0.000,0.011,0.989,1.989,1,0.001,0.101,0.897,1.896,1,0.171,0.463,0.366,1.195,2,0.004,0.123,0.873,1.869,1,0.000,0.04,0.956,1.956,1
S301,2,2,1,63,14,47,0,0.02175925926,0.000,0.005,0.995,1.995,1,0.000,0.003,0.996,1.996,1,0.02,0.402,1,1.56,1,0.098,0.228,0.675,1.577,1,0.000,0.010,0.990,1.990,1,0.001,0.047,0.95,1.950,1,0.05,0.75,0,1.16,2,0.002,0.054,0.945,1.94,1,0.000,0.020,0.980,1.980,1,0.001,0.102,0.897,1.895,1,0.040,0.301,0.659,1.618,1,0.008,0.174,0.819,1.811,1,0.010,0.19,0.802,1.792,1
S302,3,1,1,63,28,35,0,0.01851851852,0.039,0.740,0.221,1.183,2,0.001,0.024,0.975,1.974,1,0.71,0.256,0,0.33,3,0.196,0.292,0.513,1.317,1,0.005,0.126,0.869,1.864,1,0.000,0.003,1.00,1.997,1,0.84,0.16,0,0.16,3,0.003,0.101,0.896,1.89,1,0.012,0.174,0.814,1.802,1,0.351,0.548,0.101,0.750,2,0.905,0.092,0.002,0.097,3,0.002,0.059,0.939,1.937,1,0.027,0.29,0.684,1.657,1
S303,1,2,2,63,14,31,16,0.00000036169,0.000,0.015,0.985,1.985,1,0.001,0.010,0.989,1.989,1,0.02,0.403,1,1.55,1,0.099,0.228,0.672,1.573,1,0.001,0.034,0.966,1.965,1,0.001,0.017,0.98,1.981,1,0.17,0.76,0,0.91,2,0.001,0.032,0.967,1.97,1,0.003,0.068,0.929,1.926,1,0.187,0.434,0.379,1.192,2,0.202,0.486,0.312,1.110,2,0.002,0.082,0.916,1.913,1,0.001,0.05,0.953,1.952,1
S304,2,2,1,63,12,18,33,0.00000036169,0.041,0.770,0.189,1.148,2,0.004,0.029,0.968,1.964,1,0.89,0.099,0,0.12,3,0.200,0.295,0.506,1.306,1,0.017,0.180,0.803,1.786,1,0.003,0.032,0.97,1.962,1,0.86,0.14,0,0.15,3,0.011,0.146,0.843,1.83,1,0.017,0.204,0.779,1.762,1,0.199,0.429,0.372,1.173,2,0.325,0.470,0.205,0.880,2,0.010,0.131,0.860,1.850,1,0.060,0.33,0.608,1.549,1
S305,3,1,1,63,37,19,7,0.00000036169,0.962,0.038,0.000,0.038,3,0.018,0.163,0.819,1.802,1,1.00,0.000,0,0.00,3,0.305,0.335,0.360,1.055,1,0.835,0.159,0.006,0.171,3,0.000,0.007,0.99,1.993,1,1.00,0.00,0,0.00,3,0.120,0.413,0.467,1.35,1,0.121,0.483,0.397,1.276,2,0.656,0.322,0.022,0.365,3,0.409,0.460,0.131,0.722,2,0.081,0.308,0.611,1.531,1,0.827,0.15,0.020,0.193,3
S306,1,2,2,63,15,29,19,0.00000036169,0.000,0.130,0.870,1.869,1,0.001,0.010,0.989,1.989,1,0.50,0.464,0,0.54,3,0.113,0.238,0.649,1.536,1,0.002,0.050,0.948,1.947,1,0.001,0.017,0.98,1.981,1,0.15,0.76,0,0.94,2,0.001,0.034,0.965,1.96,1,0.000,0.019,0.980,1.980,1,0.188,0.434,0.379,1.191,2,0.016,0.210,0.774,1.759,1,0.001,0.050,0.949,1.948,1,0.000,0.02,0.976,1.976,1
S307,2,2,1,63,12,49,0,0.01797453704,0.000,0.000,1.000,2.000,1,0.000,0.002,0.998,1.998,1,0.07,0.599,0,1.26,2,0.097,0.227,0.675,1.578,1,0.000,0.010,0.990,1.990,1,0.000,0.009,0.99,1.990,1,0.03,0.75,0,1.19,2,0.000,0.029,0.971,1.97,1,0.003,0.072,0.925,1.922,1,0.008,0.227,0.765,1.757,1,0.001,0.067,0.932,1.930,1,0.002,0.086,0.913,1.911,1,0.002,0.08,0.916,1.915,1
S308,3,1,1,63,10,53,0,0.01442129630,0.000,0.000,1.000,2.000,1,0.000,0.003,0.996,1.996,1,0.02,0.402,1,1.56,1,0.097,0.227,0.675,1.578,1,0.045,0.304,0.651,1.606,1,0.000,0.003,1.00,1.997,1,0.00,0.04,1,1.96,1,0.000,0.021,0.979,1.98,1,0.000,0.004,0.996,1.996,1,0.038,0.422,0.540,1.502,1,0.001,0.077,0.922,1.920,1,0.001,0.052,0.948,1.947,1,0.000,0.04,0.962,1.962,1
S315,1,2,2,63,18,45,0,0.02694444444,0.000,0.005,0.995,1.995,1,0.000,0.005,0.995,1.995,1,0.08,0.598,0,1.25,2,0.098,0.228,0.674,1.576,1,0.000,0.026,0.974,1.974,1,0.000,0.008,0.99,1.992,1,0.30,0.68,0,0.72,2,0.001,0.042,0.957,1.96,1,0.002,0.056,0.943,1.941,1,0.039,0.422,0.539,1.501,1,0.003,0.103,0.893,1.890,1,0.004,0.130,0.865,1.861,1,0.000,0.04,0.962,1.962,1
S316,2,2,1,63,11,9,43,0.00000036169,0.147,0.751,0.102,0.955,2,0.013,0.062,0.925,1.912,1,0.93,0.066,0,0.08,3,0.220,0.304,0.476,1.256,1,0.169,0.319,0.512,1.344,1,0.005,0.032,0.96,1.958,1,0.97,0.03,0,0.03,3,0.068,0.252,0.680,1.61,1,0.257,0.416,0.326,1.069,2,0.223,0.420,0.357,1.134,2,0.479,0.407,0.115,0.636,3,0.081,0.248,0.671,1.590,1,0.104,0.39,0.509,1.405,1
S317,3,1,1,63,18,45,0,0.01603009259,0.000,0.014,0.986,1.986,1,0.000,0.002,0.998,1.998,1,0.44,0.517,0,0.60,2,0.099,0.228,0.673,1.574,1,0.000,0.010,0.990,1.990,1,0.000,0.017,0.98,1.982,1,0.10,0.78,0,1.02,2,0.000,0.022,0.978,1.98,1,0.000,0.006,0.994,1.994,1,0.008,0.227,0.765,1.757,1,0.121,0.444,0.435,1.313,2,0.001,0.052,0.948,1.947,1,0.002,0.10,0.903,1.901,1
S318,1,2,2,63,16,47,0,0.01633101852,0.000,0.002,0.998,1.998,1,0.000,0.004,0.996,1.996,1,0.21,0.655,0,0.93,2,0.098,0.227,0.675,1.577,1,0.001,0.064,0.935,1.934,1,0.003,0.084,0.91,1.909,1,0.00,0.44,1,1.55,1,0.001,0.048,0.951,1.95,1,0.000,0.030,0.970,1.969,1,0.001,0.102,0.897,1.895,1,0.003,0.091,0.906,1.904,1,0.006,0.153,0.841,1.834,1,0.010,0.20,0.794,1.783,1
S319,2,2,1,63,18,45,0,0.02395833333,0.000,0.001,0.999,1.999,1,0.013,0.053,0.934,1.922,1,0.02,0.402,1,1.56,1,0.097,0.227,0.675,1.578,1,0.000,0.025,0.975,1.975,1,0.012,0.118,0.87,1.859,1,0.01,0.50,0,1.49,2,0.017,0.105,0.878,1.86,1,0.002,0.064,0.934,1.931,1,0.371,0.532,0.097,0.726,2,0.006,0.135,0.858,1.852,1,0.034,0.266,0.700,1.666,1,0.004,0.13,0.867,1.863,1
S320,3,1,1,63,21,32,10,0.00000036169,0.010,0.237,0.753,1.743,1,0.001,0.019,0.980,1.979,1,0.22,0.524,0,1.03,2,0.128,0.248,0.624,1.496,1,0.008,0.124,0.868,1.860,1,0.000,0.004,1.00,1.996,1,0.35,0.59,0,0.71,2,0.004,0.064,0.932,1.93,1,0.115,0.316,0.569,1.455,1,0.349,0.550,0.101,0.752,2,0.199,0.475,0.327,1.128,2,0.005,0.093,0.903,1.898,1,0.108,0.26,0.634,1.527,1
S323,1,2,2,63,40,22,1,0.02587962963,0.966,0.034,0.000,0.034,3,0.090,0.341,0.569,1.479,1,1.00,0.001,0,0.00,3,0.305,0.335,0.360,1.054,1,0.836,0.158,0.006,0.170,3,0.005,0.110,0.89,1.880,1,1.00,0.00,0,0.00,3,0.428,0.406,0.167,0.74,3,0.675,0.298,0.028,0.353,3,0.738,0.246,0.015,0.277,3,0.612,0.341,0.047,0.435,3,0.398,0.405,0.196,0.798,2,0.373,0.49,0.135,0.762,2
S324,2,2,1,63,17,46,0,0.02159722222,0.000,0.001,0.999,1.999,1,0.000,0.004,0.996,1.996,1,0.44,0.523,0,0.61,2,0.098,0.227,0.675,1.578,1,0.000,0.010,0.990,1.990,1,0.000,0.015,0.99,1.985,1,0.25,0.71,0,0.78,2,0.002,0.059,0.939,1.94,1,0.003,0.079,0.917,1.914,1,0.008,0.228,0.764,1.756,1,0.020,0.238,0.741,1.721,1,0.010,0.194,0.796,1.786,1,0.000,0.03,0.971,1.971,1
S325,3,1,1,63,42,21,0,0.02337962963,0.992,0.008,0.000,0.008,3,0.001,0.071,0.928,1.927,1,1.00,0.000,0,0.00,3,0.308,0.336,0.356,1.049,1,0.844,0.151,0.005,0.161,3,0.000,0.013,0.99,1.987,1,1.00,0.00,0,0.00,3,0.434,0.471,0.095,0.66,2,0.485,0.441,0.074,0.589,3,0.003,0.119,0.878,1.874,1,0.897,0.100,0.003,0.106,3,0.544,0.372,0.084,0.539,3,0.270,0.52,0.206,0.936,2
S326,1,2,2,63,11,13,39,0.00000036169,0.042,0.692,0.266,1.224,2,0.029,0.092,0.879,1.850,1,0.88,0.113,0,0.13,3,0.190,0.288,0.521,1.331,1,0.055,0.236,0.710,1.655,1,0.015,0.061,0.92,1.909,1,0.92,0.08,0,0.08,3,0.117,0.300,0.583,1.47,1,0.035,0.255,0.710,1.675,1,0.250,0.409,0.341,1.091,2,0.122,0.331,0.547,1.426,1,0.173,0.343,0.484,1.310,1,0.136,0.44,0.426,1.290,2
S327,2,2,1,63,11,45,7,0.00000036169,0.000,0.000,1.000,2.000,1,0.002,0.018,0.980,1.978,1,0.07,0.600,0,1.26,2,0.097,0.227,0.675,1.578,1,0.000,0.010,0.990,1.990,1,0.006,0.056,0.94,1.933,1,0.03,0.74,0,1.20,2,0.015,0.142,0.842,1.83,1,0.001,0.036,0.963,1.963,1,0.030,0.346,0.624,1.593,1,0.008,0.152,0.839,1.831,1,0.063,0.391,0.547,1.484,1,0.000,0.04,0.960,1.960,1
S328,3,1,1,63,34,29,0,0.02312500000,0.145,0.819,0.036,0.890,2,0.022,0.150,0.829,1.807,1,0.99,0.013,0,0.01,3,0.228,0.310,0.462,1.235,1,0.328,0.499,0.172,0.844,2,0.000,0.024,0.98,1.975,1,0.93,0.08,0,0.08,3,0.120,0.333,0.547,1.43,1,0.002,0.076,0.923,1.921,1,0.654,0.324,0.022,0.368,3,0.707,0.271,0.022,0.315,3,0.134,0.351,0.515,1.382,1,0.000,0.04,0.963,1.963,1
S329,1,2,2,63,20,43,0,0.02225694444,0.000,0.007,0.993,1.993,1,0.003,0.030,0.967,1.965,1,0.44,0.521,0,0.60,2,0.098,0.228,0.674,1.576,1,0.009,0.152,0.839,1.830,1,0.000,0.014,0.99,1.985,1,0.01,0.56,0,1.42,2,0.024,0.168,0.808,1.78,1,0.009,0.119,0.872,1.863,1,0.150,0.575,0.276,1.126,2,0.029,0.262,0.708,1.679,1,0.088,0.420,0.493,1.405,1,0.007,0.17,0.823,1.816,1
S330,2,2,1,63,29,34,0,0.02697916667,0.005,0.241,0.754,1.750,1,0.002,0.021,0.977,1.975,1,0.11,0.418,0,1.36,1,0.128,0.247,0.625,1.497,1,0.007,0.122,0.871,1.863,1,0.001,0.043,0.96,1.955,1,0.87,0.13,0,0.13,3,0.008,0.091,0.901,1.89,1,0.006,0.097,0.897,1.891,1,0.145,0.577,0.278,1.133,2,0.510,0.408,0.082,0.573,3,0.012,0.160,0.828,1.817,1,0.039,0.30,0.657,1.617,1
S331,3,1,1,63,13,50,0,0.01839120370,0.000,0.001,0.999,1.999,1,0.000,0.002,0.998,1.998,1,0.21,0.656,0,0.93,2,0.097,0.227,0.675,1.578,1,0.000,0.010,0.990,1.990,1,0.000,0.016,0.98,1.983,1,0.02,0.66,0,1.30,2,0.000,0.029,0.970,1.97,1,0.001,0.035,0.965,1.964,1,0.001,0.101,0.897,1.896,1,0.001,0.045,0.954,1.953,1,0.002,0.087,0.911,1.910,1,0.061,0.39,0.548,1.487,1
S332,1,2,2,63,28,35,0,0.02307870370,0.041,0.602,0.357,1.316,2,0.002,0.021,0.977,1.976,1,0.28,0.431,0,1.01,2,0.179,0.281,0.540,1.361,1,0.001,0.048,0.951,1.950,1,0.001,0.037,0.96,1.962,1,0.98,0.02,0,0.02,3,0.020,0.185,0.795,1.78,1,0.048,0.290,0.661,1.613,1,0.044,0.424,0.532,1.488,1,0.099,0.435,0.466,1.367,1,0.029,0.231,0.740,1.711,1,0.393,0.46,0.148,0.755,2
S333,2,2,1,63,37,22,4,0.00000036169,0.463,0.534,0.003,0.541,2,0.029,0.170,0.800,1.771,1,1.00,0.002,0,0.00,3,0.260,0.321,0.419,1.159,1,0.005,0.128,0.867,1.863,1,0.001,0.044,0.96,1.954,1,1.00,0.00,0,0.00,3,0.142,0.359,0.500,1.36,1,0.349,0.470,0.181,0.832,2,0.663,0.316,0.021,0.358,3,0.843,0.150,0.007,0.164,3,0.125,0.341,0.534,1.408,1,0.417,0.46,0.125,0.708,2
S334,3,1,1,63,26,37,0,0.03093750000,0.000,0.048,0.952,1.952,1,0.000,0.009,0.991,1.990,1,0.69,0.297,0,0.32,3,0.103,0.231,0.666,1.563,1,0.013,0.166,0.822,1.809,1,0.001,0.039,0.96,1.959,1,0.41,0.57,0,0.61,2,0.003,0.064,0.933,1.93,1,0.011,0.128,0.861,1.850,1,0.040,0.423,0.538,1.498,1,0.141,0.448,0.411,1.271,2,0.010,0.179,0.811,1.801,1,0.000,0.03,0.973,1.973,1
S335,1,2,2,63,34,28,1,0.00000036169,0.375,0.619,0.006,0.631,2,0.148,0.307,0.545,1.397,1,0.99,0.012,0,0.01,3,0.252,0.319,0.430,1.178,1,0.020,0.236,0.745,1.725,1,0.041,0.250,0.71,1.667,1,0.97,0.04,0,0.04,3,0.454,0.369,0.177,0.72,3,0.208,0.478,0.314,1.106,2,0.567,0.374,0.059,0.492,3,0.269,0.497,0.234,0.965,2,0.529,0.339,0.132,0.603,3,0.004,0.13,0.871,1.866,1
S336,2,2,1,63,8,55,0,0.00968750000,0.000,0.000,1.000,2.000,1,0.000,0.003,0.997,1.997,1,0.02,0.402,1,1.56,1,0.097,0.227,0.675,1.578,1,0.000,0.010,0.990,1.990,1,0.000,0.008,0.99,1.992,1,0.00,0.11,1,1.89,1,0.001,0.035,0.965,1.96,1,0.000,0.007,0.993,1.993,1,0.008,0.227,0.765,1.757,1,0.000,0.027,0.972,1.972,1,0.003,0.108,0.889,1.886,1,0.000,0.04,0.964,1.964,1
S337,3,1,1,63,11,52,0,0.01428240741,0.000,0.000,1.000,2.000,1,0.000,0.006,0.994,1.994,1,0.02,0.402,1,1.56,1,0.097,0.227,0.675,1.578,1,0.000,0.025,0.975,1.975,1,0.000,0.003,1.00,1.997,1,0.00,0.44,1,1.55,1,0.002,0.058,0.939,1.94,1,0.001,0.049,0.950,1.948,1,0.039,0.422,0.539,1.500,1,0.001,0.059,0.940,1.939,1,0.010,0.189,0.802,1.792,1,0.000,0.03,0.972,1.972,1
S338,1,2,2,63,19,39,0,0.02151620370,0.000,0.022,0.978,1.978,1,0.001,0.015,0.984,1.984,1,0.03,0.404,1,1.54,1,0.100,0.229,0.671,1.571,1,0.002,0.068,0.930,1.928,1,0.000,0.009,0.99,1.990,1,0.41,0.57,0,0.60,2,0.006,0.082,0.912,1.91,1,0.003,0.077,0.919,1.916,1,0.142,0.578,0.280,1.138,2,0.016,0.209,0.775,1.760,1,0.019,0.240,0.740,1.721,1,0.000,0.01,0.987,1.987,1
